Workbook

Sheet 总表
L8: 备注
L9: 1.桑多涅为风起套，30词。24双爆＋4攻＋2精
F10: v5木偶星扩散 | L10: 2.奥黛塔为炉火，30词。24双爆＋4攻＋2精，携带主角专武
F11: 偶/奥 | G11: 0+0 | H11: 1+0 | I11: 2+0 | L11: 3.布伦尼讨龙，风套
F12: 0+1 | G12: ='0＋1桑0奥'!C3 -> 164772.39 | H12: ='0＋1桑0奥'!C77 -> 183179.66 | I12: ='0＋1桑0奥'!C152 -> 225566.29 | L12: 4.此计算为第二轮开始循环计算，热启动
F13: 1+1 | G13: ='1+1桑0奥'!C3 -> 174600.17 | H13: ='1+1桑0奥'!C72 -> 192364.52 | I13: ='1+1桑0奥'!C142 -> 238227.21
F14: 2+1 | G14: ='2+1桑0奥 '!C3 -> 191528.49 | H14: ='2+1桑0奥 '!C72 -> 215344.68 | I14: ='2+1桑0奥 '!C142 -> 267728.58
F15: 6+1 | G15: ='6+1桑0奥 '!C3 -> 315399.34 | H15: ='6+1桑0奥 '!C92 -> 348150.2 | I15: ='6+1桑0奥 '!C176 -> 432187.49

Sheet 0＋1桑0奥
A1: 0＋1桑多涅0＋星峰剑奥c6布0七 | F1: mc | G1: 攻击力 | H1: 倍率 | I1: 基础系数 | J1: 独立 | K1: 基础乘区 | L1: 精通 | M1: 星扩增 | N1: 精通乘区 | O1: 羽毛 | P1: 暴击率 | Q1: 爆伤 | R1: 暴击乘区 | S1: 抗性系数 | T1: 擢升 | U1: 单次伤害 | V1: 总伤
A2: 统计 | B2: DMG | C2: DPS | D2: 轴长 | F2: z | G2: =3199+488+203 -> 3890 | H2: 2.4225 | I2: 1.28 | J2: 1 | K2: =G2*H2*I2*J2 -> 12062.112 | L2: 200 | M2: 1.93 | N2: =1+6*L2/(L2+2000)+M2 -> 3.4754545 | O2: 0 | P2: 0.85 | Q2: 2.22 | R2: =1+P2*Q2 -> 2.887 | S2: 1.15 | T2: 1 | U2: =(K2*N2+O2)*R2*S2*T2 -> 139180.89 | V2: =SUM(U2:U14) -> 2215344
B3: =B5+B7+B9 -> 3295447.7 | C3: =B3/D3 -> 164772.39 | D3: 20 | F3: z | G3: =3199+488+203 -> 3890 | H3: 2.4225 | I3: 1.28 | J3: 1 | K3: =G3*H3*I3*J3 -> 12062.112 | L3: 200 | M3: 2.08 | N3: =1+6*L3/(L3+2000)+M3 -> 3.6254545 | O3: 0 | P3: 0.85 | Q3: 2.22 | R3: =1+P3*Q3 -> 2.887 | S3: 1.15 | T3: 1 | U3: =(K3*N3+O3)*R3*S3*T3 -> 145187.91
B4: 桑多涅总伤 | C4: 占比 | F4: z | G4: =3199+488+203 -> 3890 | H4: 2.4225 | I4: 1.28 | J4: 1 | K4: =G4*H4*I4*J4 -> 12062.112 | L4: 200 | M4: 2.08 | N4: =1+6*L4/(L4+2000)+M4 -> 3.6254545 | O4: 0 | P4: 0.85 | Q4: 2.22 | R4: =1+P4*Q4 -> 2.887 | S4: 1.15 | T4: 1 | U4: =(K4*N4+O4)*R4*S4*T4 -> 145187.91
B5: =V2+T18 -> 2561999.7 | C5: =B5/B3 -> 0.77743599 | F5: e | G5: =3199+488+203 -> 3890 | H5: 0.5832 | I5: 1.28 | J5: 4 | K5: =G5*H5*I5*J5 -> 11615.478 | L5: 200 | M5: 2.08 | N5: =1+6*L5/(L5+2000)+M5 -> 3.6254545 | O5: 0 | P5: 0.85 | Q5: 2.22 | R5: =1+P5*Q5 -> 2.887 | S5: 1.15 | T5: 1 | U5: =(K5*N5+O5)*R5*S5*T5 -> 139811.91
B6: 奥黛塔总伤 | C6: 占比 | F6: q | G6: =3199+488+203 -> 3890 | H6: 5.9544 | I6: 1.28 | J6: 2 | K6: =G6*H6*I6*J6 -> 59296.297 | L6: 200 | M6: 2.08 | N6: =1+6*L6/(L6+2000)+M6 -> 3.6254545 | O6: 0 | P6: 0.85 | Q6: 2.22 | R6: =1+P6*Q6 -> 2.887 | S6: 1.15 | T6: 1 | U6: =(K6*N6+O6)*R6*S6*T6 -> 713731.17
B7: =V28+T40 -> 557847.12 | C7: =B7/B3 -> 0.1692781 | F7: z | G7: =3199+488+203 -> 3890 | H7: 2.4225 | I7: 1.28 | J7: 1 | K7: =G7*H7*I7*J7 -> 12062.112 | L7: 200 | M7: 2.08 | N7: =1+6*L7/(L7+2000)+M7 -> 3.6254545 | O7: 0 | P7: 0.85 | Q7: 2.22 | R7: =1+P7*Q7 -> 2.887 | S7: 1.15 | T7: 1 | U7: =(K7*N7+O7)*R7*S7*T7 -> 145187.91
B8: 反应伤害 | C8: 占比 | F8: z | G8: =3199+488+203 -> 3890 | H8: 2.4225 | I8: 1.28 | J8: 1 | K8: =G8*H8*I8*J8 -> 12062.112 | L8: 200 | M8: 2.08 | N8: =1+6*L8/(L8+2000)+M8 -> 3.6254545 | O8: 0 | P8: 0.85 | Q8: 2.22 | R8: =1+P8*Q8 -> 2.887 | S8: 1.15 | T8: 1 | U8: =(K8*N8+O8)*R8*S8*T8 -> 145187.91
B9: =U45+U51+U57+U63 -> 175600.94 | C9: =B9/B3 -> 0.053285913 | F9: z | G9: =3199+488+203 -> 3890 | H9: 2.4225 | I9: 1.28 | J9: 1 | K9: =G9*H9*I9*J9 -> 12062.112 | L9: 200 | M9: 2.08 | N9: =1+6*L9/(L9+2000)+M9 -> 3.6254545 | O9: 0 | P9: 0.85 | Q9: 2.22 | R9: =1+P9*Q9 -> 2.887 | S9: 1.15 | T9: 1 | U9: =(K9*N9+O9)*R9*S9*T9 -> 145187.91
F10: e | G10: =3199+488+203 -> 3890 | H10: 0.5832 | I10: 1.28 | J10: 4 | K10: =G10*H10*I10*J10 -> 11615.478 | L10: 200 | M10: 2.08 | N10: =1+6*L10/(L10+2000)+M10 -> 3.6254545 | O10: 0 | P10: 0.85 | Q10: 2.22 | R10: =1+P10*Q10 -> 2.887 | S10: 1.15 | T10: 1 | U10: =(K10*N10+O10)*R10*S10*T10 -> 139811.91
F11: z | G11: =3199+203 -> 3402 | H11: 2.4225 | I11: 1.28 | J11: 1 | K11: =G11*H11*I11*J11 -> 10548.922 | L11: 200 | M11: 2.08 | N11: =1+6*L11/(L11+2000)+M11 -> 3.6254545 | O11: 0 | P11: 0.85 | Q11: 2.22 | R11: =1+P11*Q11 -> 2.887 | S11: 0.9 | T11: 1 | U11: =(K11*N11+O11)*R11*S11*T11 -> 99371.037
F12: z | G12: =3199+203 -> 3402 | H12: 2.4225 | I12: 1.28 | J12: 1 | K12: =G12*H12*I12*J12 -> 10548.922 | L12: 200 | M12: 2.08 | N12: =1+6*L12/(L12+2000)+M12 -> 3.6254545 | O12: 0 | P12: 0.85 | Q12: 2.22 | R12: =1+P12*Q12 -> 2.887 | S12: 0.9 | T12: 1 | U12: =(K12*N12+O12)*R12*S12*T12 -> 99371.037
F13: z | G13: =3199 -> 3199 | H13: 2.4225 | I13: 1.28 | J13: 1 | K13: =G13*H13*I13*J13 -> 9919.4592 | L13: 200 | M13: 1.58 | N13: =1+6*L13/(L13+2000)+M13 -> 3.1254545 | O13: 0 | P13: 0.85 | Q13: 2.22 | R13: =1+P13*Q13 -> 2.887 | S13: 0.9 | T13: 1 | U13: =(K13*N13+O13)*R13*S13*T13 -> 80554.624
F14: e | G14: =3199 -> 3199 | H14: 0.5832 | I14: 1.28 | J14: 4 | K14: =G14*H14*I14*J14 -> 9552.1628 | L14: 200 | M14: 1.58 | N14: =1+6*L14/(L14+2000)+M14 -> 3.1254545 | O14: 0 | P14: 0.85 | Q14: 2.22 | R14: =1+P14*Q14 -> 2.887 | S14: 0.9 | T14: 1 | U14: =(K14*N14+O14)*R14*S14*T14 -> 77571.859
G17: 攻击力 | H17: 倍率 | I17: 独立 | J17: 独立 | K17: 基础乘区 | L17: 冰增伤 | M17: 暴击率 | N17: 爆伤 | O17: 暴击乘区 | P17: 抗性系数 | Q17: 单次伤害 | R17: 次数 | S17: 单总伤 | T17: 总伤
G18: =3199+488+203 -> 3890 | H18: 0.85 | I18: 1 | J18: 1 | K18: =G18*H18*I18*J18 -> 3306.5 | L18: 1 | M18: 0.85 | N18: 2.22 | O18: =1+M18*N18 -> 2.887 | P18: 1.15 | Q18: =K18*L18*O18*P18 -> 10977.745 | R18: 9 | S18: =Q18*R18 -> 98799.708 | T18: =SUM(S18:S24) -> 346655.7
G19: =3199+488+203 -> 3890 | H19: 0.5832 | I19: 1 | J19: 1 | K19: =G19*H19*I19*J19 -> 2268.648 | L19: 1 | M19: 0.85 | N19: 2.22 | O19: =1+M19*N19 -> 2.887 | P19: 1.15 | Q19: =K19*L19*O19*P19 -> 7532.0248 | R19: 1 | S19: =Q19*R19 -> 7532.0248
G20: =3199+488+203 -> 3890 | H20: 1.5879 | I20: 3 | J20: 1 | K20: =G20*H20*I20*J20 -> 18530.793 | L20: 1 | M20: 0.85 | N20: 2.22 | O20: =1+M20*N20 -> 2.887 | P20: 1.15 | Q20: =K20*L20*O20*P20 -> 61523.159 | R20: 1 | S20: =Q20*R20 -> 61523.159
G21: =3199+488+203 -> 3890 | H21: 0.85 | I21: 1 | J21: 1 | K21: =G21*H21*I21*J21 -> 3306.5 | L21: 1 | M21: 0.85 | N21: 2.22 | O21: =1+M21*N21 -> 2.887 | P21: 1.15 | Q21: =K21*L21*O21*P21 -> 10977.745 | R21: 9 | S21: =Q21*R21 -> 98799.708
G22: =3199+488+203 -> 3890 | H22: 0.5832 | I22: 1 | J22: 1 | K22: =G22*H22*I22*J22 -> 2268.648 | L22: 1 | M22: 0.85 | N22: 2.22 | O22: =1+M22*N22 -> 2.887 | P22: 1.15 | Q22: =K22*L22*O22*P22 -> 7532.0248 | R22: 1 | S22: =Q22*R22 -> 7532.0248
G23: =$G12 -> 3402 | H23: 0.85 | I23: 1 | J23: 1 | K23: =G23*H23*I23*J23 -> 2891.7 | L23: 1 | M23: 0.85 | N23: 2.22 | O23: =1+M23*N23 -> 2.887 | P23: 0.9 | Q23: =K23*L23*O23*P23 -> 7513.5041 | R23: 9 | S23: =Q23*R23 -> 67621.537
G24: =$G14 -> 3199 | H24: 0.5832 | I24: 1 | J24: 1 | K24: =G24*H24*I24*J24 -> 1865.6568 | L24: 1 | M24: 0.85 | N24: 2.22 | O24: =1+M24*N24 -> 2.887 | P24: 0.9 | Q24: =K24*L24*O24*P24 -> 4847.5361 | R24: 1 | S24: =Q24*R24 -> 4847.5361
F26: 奥黛塔
F27: mc | G27: 攻击力 | H27: 倍率 | I27: 基础系数 | J27: 独立 | K27: 基础乘区 | L27: 精通 | M27: 星扩增 | N27: 精通乘区 | O27: 羽毛 | P27: 暴击率 | Q27: 爆伤 | R27: 暴击乘区 | S27: 抗性系数 | T27: 擢升 | U27: 单次伤害 | V27: 总伤
F28: ee | G28: 2604 | H28: 8.2555 | I28: 1.28 | J28: =16*0.015+1 -> 1.24 | K28: =G28*H28*I28*J28 -> 34120.549 | L28: 20 | M28: 1.1 | N28: =1+6*L28/(L28+2000)+M28 -> 2.1594059 | O28: 0 | P28: 0.93 | Q28: 2.3 | R28: =1+P28*Q28 -> 3.139 | S28: 0.9 | T28: 1 | U28: =(K28*N28+O28)*R28*S28*T28 -> 208153.7 | V28: =SUM(U28:U37) -> 421028.49
F29: e1 | G29: =189+2604 -> 2793 | H29: 0.7295 | I29: 1.28 | J29: =17*0.015+1 -> 1.255 | K29: =G29*H29*I29*J29 -> 3273.0296 | L29: 20 | M29: 1.3 | N29: =1+6*L29/(L29+2000)+M29 -> 2.3594059 | O29: 0 | P29: 0.93 | Q29: 2.3 | R29: =1+P29*Q29 -> 3.139 | S29: 0.9 | T29: 1 | U29: =(K29*N29+O29)*R29*S29*T29 -> 21816.567
F30: e2 | G30: =189+2604 -> 2793 | H30: 0.8724 | I30: 1.28 | J30: =17*0.015+1 -> 1.255 | K30: =G30*H30*I30*J30 -> 3914.1754 | L30: 20 | M30: 1 | N30: =1+6*L30/(L30+2000)+M30 -> 2.0594059 | O30: 0 | P30: 0.93 | Q30: 2.3 | R30: =1+P30*Q30 -> 3.139 | S30: 1.15 | T30: 1 | U30: =(K30*N30+O30)*R30*S30*T30 -> 29098.554
F31: e3 | G31: =189+2604 -> 2793 | H31: 0.7295 | I31: 1.28 | J31: =17*0.015+1 -> 1.255 | K31: =G31*H31*I31*J31 -> 3273.0296 | L31: 20 | M31: 1 | N31: =1+6*L31/(L31+2000)+M31 -> 2.0594059 | O31: 0 | P31: 0.93 | Q31: 2.3 | R31: =1+P31*Q31 -> 3.139 | S31: 1.15 | T31: 1 | U31: =(K31*N31+O31)*R31*S31*T31 -> 24332.181
F32: e4 | G32: =189+2604 -> 2793 | H32: 0.8724 | I32: 1.28 | J32: =17*0.015+1 -> 1.255 | K32: =G32*H32*I32*J32 -> 3914.1754 | L32: 20 | M32: 1 | N32: =1+6*L32/(L32+2000)+M32 -> 2.0594059 | O32: 0 | P32: 0.93 | Q32: 2.3 | R32: =1+P32*Q32 -> 3.139 | S32: 1.15 | T32: 1 | U32: =(K32*N32+O32)*R32*S32*T32 -> 29098.554
F33: e5 | G33: =189+2604 -> 2793 | H33: 0.7295 | I33: 1.28 | J33: =17*0.015+1 -> 1.255 | K33: =G33*H33*I33*J33 -> 3273.0296 | L33: 20 | M33: 1 | N33: =1+6*L33/(L33+2000)+M33 -> 2.0594059 | O33: 0 | P33: 0.93 | Q33: 2.3 | R33: =1+P33*Q33 -> 3.139 | S33: 1.15 | T33: 1 | U33: =(K33*N33+O33)*R33*S33*T33 -> 24332.181
F34: e6 | G34: =189+2604 -> 2793 | H34: 0.8724 | I34: 1.28 | J34: =17*0.015+1 -> 1.255 | K34: =G34*H34*I34*J34 -> 3914.1754 | L34: 20 | M34: 1 | N34: =1+6*L34/(L34+2000)+M34 -> 2.0594059 | O34: 0 | P34: 0.93 | Q34: 2.3 | R34: =1+P34*Q34 -> 3.139 | S34: 1.15 | T34: 1 | U34: =(K34*N34+O34)*R34*S34*T34 -> 29098.554
F35: e7 | G35: =189+2604 -> 2793 | H35: 0.7295 | I35: 1.28 | J35: =17*0.015+1 -> 1.255 | K35: =G35*H35*I35*J35 -> 3273.0296 | L35: 20 | M35: 1 | N35: =1+6*L35/(L35+2000)+M35 -> 2.0594059 | O35: 0 | P35: 0.93 | Q35: 2.3 | R35: =1+P35*Q35 -> 3.139 | S35: 0.9 | T35: 1 | U35: =(K35*N35+O35)*R35*S35*T35 -> 19042.577
F36: e8 | G36: =189+2604 -> 2793 | H36: 0.8724 | I36: 1.28 | J36: =17*0.015+1 -> 1.255 | K36: =G36*H36*I36*J36 -> 3914.1754 | L36: 20 | M36: 1 | N36: =1+6*L36/(L36+2000)+M36 -> 2.0594059 | O36: 0 | P36: 0.93 | Q36: 2.3 | R36: =1+P36*Q36 -> 3.139 | S36: 0.9 | T36: 1 | U36: =(K36*N36+O36)*R36*S36*T36 -> 22772.781
F37: e9 | G37: 2604 | H37: 0.7295 | I37: 1.28 | J37: 1.24 | K37: =G37*H37*I37*J37 -> 3015.0737 | L37: 20 | M37: 0.5 | N37: =1+6*L37/(L37+2000)+M37 -> 1.5594059 | O37: 0 | P37: 0.93 | Q37: 2.3 | R37: =1+P37*Q37 -> 3.139 | S37: 0.9 | T37: 1 | U37: =(K37*N37+O37)*R37*S37*T37 -> 13282.84
G39: 攻击力 | H39: 倍率 | I39: 独立 | J39: 独立 | K39: 基础乘区 | L39: 冰增伤 | M39: 暴击率 | N39: 爆伤 | O39: 暴击乘区 | P39: 抗性系数 | Q39: 单次伤害 | R39: 次数 | S39: 单总伤 | T39: 总伤
G40: =G28 -> 2604 | H40: 1.9454 | I40: 1 | J40: 1 | K40: =G40*H40*I40*J40 -> 5065.8216 | L40: 1 | M40: 0.93 | N40: 2.3 | O40: =1+M40*N40 -> 3.139 | P40: 0.9 | Q40: =K40*L40*O40*P40 -> 14311.453 | R40: 1 | S40: =Q40*R40 -> 14311.453 | T40: =SUM(S40:S41) -> 136818.63
G41: =G32 -> 2793 | H41: 1.7251 | I41: 1 | J41: 1 | K41: =G41*H41*I41*J41 -> 4818.2043 | L41: 1 | M41: 0.93 | N41: 2.3 | O41: =1+M41*N41 -> 3.139 | P41: 0.9 | Q41: =K41*L41*O41*P41 -> 13611.909 | R41: 9 | S41: =Q41*R41 -> 122507.18
F43: 冰涡
G44: 反应系数 | H44: 冰系数 | I44: 基础系数 | J44: 精通 | K44: 星扩增 | L44: 精通乘区 | M44: 暴击率 | N44: 爆伤 | O44: 暴击乘区 | P44: 抗性系数 | Q44: 擢升 | R44: 权重 | S44: xp伤害 | T44: 触发次数 | U44: 总伤
F45: p1 | G45: 1446.85 | H45: 2 | I45: 1.28 | J45: 200 | K45: 2.08 | L45: =1+6*J45/(J45+2000)+K45 -> 3.6254545 | M45: 0.85 | N45: 2.22 | O45: =1+M45*N45 -> 2.887 | P45: 1.15 | Q45: 1 | R45: 0.6 | S45: =G45*H45*I45*L45*O45*P45*Q45*R45 -> 26749.878 | T45: 2 | U45: =T47*T45 -> 67291.972
F46: p2 | G46: 1446.85 | H46: 2 | I46: 1.28 | J46: 0 | K46: 1.6 | L46: =1+6*J46/(J46+2000)+K46 -> 2.6 | M46: 0.5 | N46: 1.5 | O46: =1+M46*N46 -> 1.75 | P46: 0.9 | Q46: 1 | R46: 0.3 | S46: =G46*H46*I46*L46*O46*P46*Q46*R46 -> 4550.2854 | T46: 单次伤害
F47: p3 | G47: 1446.85 | H47: 2 | I47: 1.28 | J47: 20 | K47: 1 | L47: =1+6*J47/(J47+2000)+K47 -> 2.0594059 | M47: 0.93 | N47: 2.3 | O47: =1+M47*N47 -> 3.139 | P47: 1.15 | Q47: 1 | R47: 0.05 | S47: =G47*H47*I47*L47*O47*P47*Q47*R47 -> 1376.7801 | T47: =SUM(S45:S48) -> 33645.986
F48: p4 | G48: 1446.85 | H48: 2 | I48: 1.28 | J48: 0 | K48: 1.6 | L48: =1+6*J48/(J48+2000)+K48 -> 2.6 | M48: 0.5 | N48: 1.5 | O48: =1+M48*N48 -> 1.75 | P48: 1.15 | Q48: 1 | R48: 0.05 | S48: =G48*H48*I48*L48*O48*P48*Q48*R48 -> 969.04226
G50: 反应系数 | H50: 冰系数 | I50: 基础系数 | J50: 精通 | K50: 星扩增 | L50: 精通乘区 | M50: 暴击率 | N50: 爆伤 | O50: 暴击乘区 | P50: 抗性系数 | Q50: 擢升 | R50: 权重 | S50: xp伤害 | T50: 触发次数 | U50: 总伤
F51: p1 | G51: 1446.85 | H51: 2 | I51: 1.28 | J51: 200 | K51: 2.08 | L51: =1+6*J51/(J51+2000)+K51 -> 3.6254545 | M51: 0.85 | N51: 2.22 | O51: =1+M51*N51 -> 2.887 | P51: 0.9 | Q51: 1 | R51: 0.6 | S51: =G51*H51*I51*L51*O51*P51*Q51*R51 -> 20934.687 | T51: 2 | U51: =T53*T51 -> 54641.668
F52: p2 | G52: 1446.85 | H52: 2 | I52: 1.28 | J52: 0 | K52: 1.6 | L52: =1+6*J52/(J52+2000)+K52 -> 2.6 | M52: 0.5 | N52: 1.5 | O52: =1+M52*N52 -> 1.75 | P52: 0.9 | Q52: 1 | R52: 0.3 | S52: =G52*H52*I52*L52*O52*P52*Q52*R52 -> 4550.2854 | T52: 单次伤害
F53: p3 | G53: 1446.85 | H53: 2 | I53: 1.28 | J53: 20 | K53: 1 | L53: =1+6*J53/(J53+2000)+K53 -> 2.0594059 | M53: 0.93 | N53: 2.3 | O53: =1+M53*N53 -> 3.139 | P53: 0.9 | Q53: 1 | R53: 0.05 | S53: =G53*H53*I53*L53*O53*P53*Q53*R53 -> 1077.4801 | T53: =SUM(S51:S54) -> 27320.834
F54: p4 | G54: 1446.85 | H54: 2 | I54: 1.28 | J54: 0 | K54: 1.6 | L54: =1+6*J54/(J54+2000)+K54 -> 2.6 | M54: 0.5 | N54: 1.5 | O54: =1+M54*N54 -> 1.75 | P54: 0.9 | Q54: 1 | R54: 0.05 | S54: =G54*H54*I54*L54*O54*P54*Q54*R54 -> 758.3809
F55: 风涡
G56: 反应系数 | H56: 风系数 | I56: 基础系数 | J56: 精通 | K56: 星扩增 | L56: 精通乘区 | M56: 暴击率 | N56: 爆伤 | O56: 暴击乘区 | P56: 抗性系数 | Q56: 擢升 | R56: 权重 | S56: xp伤害 | T56: 触发次数 | U56: 总伤
F57: p1 | G57: 1446.85 | H57: 0.75 | I57: 1.28 | J57: 0 | K57: 1.6 | L57: =1+6*J57/(J57+2000)+K57 -> 2.6 | M57: 0.5 | N57: 1.5 | O57: =1+M57*N57 -> 1.75 | P57: 0.9 | Q57: 1 | R57: 0.6 | S57: =G57*H57*I57*L57*O57*P57*Q57*R57 -> 3412.714 | T57: 4 | U57: =T59*T57 -> 37231.999
F58: p2 | G58: 1446.85 | H58: 0.75 | I58: 1.28 | J58: 200 | K58: 2.08 | L58: =1+6*J58/(J58+2000)+K58 -> 3.6254545 | M58: 0.85 | N58: 2.22 | O58: =1+M58*N58 -> 2.887 | P58: 1.15 | Q58: 1 | R58: 0.3 | S58: =G58*H58*I58*L58*O58*P58*Q58*R58 -> 5015.6022 | T58: 单次伤害
F59: p3 | G59: 1446.85 | H59: 0.75 | I59: 1.28 | J59: 20 | K59: 1 | L59: =1+6*J59/(J59+2000)+K59 -> 2.0594059 | M59: 0.93 | N59: 2.3 | O59: =1+M59*N59 -> 3.139 | P59: 1.15 | Q59: 1 | R59: 0.05 | S59: =G59*H59*I59*L59*O59*P59*Q59*R59 -> 516.29256 | T59: =SUM(S57:S60) -> 9307.9996
F60: p4 | G60: 1446.85 | H60: 0.75 | I60: 1.28 | J60: 0 | K60: 1.6 | L60: =1+6*J60/(J60+2000)+K60 -> 2.6 | M60: 0.5 | N60: 1.5 | O60: =1+M60*N60 -> 1.75 | P60: 1.15 | Q60: 1 | R60: 0.05 | S60: =G60*H60*I60*L60*O60*P60*Q60*R60 -> 363.39085
G62: 反应系数 | H62: 风系数 | I62: 基础系数 | J62: 精通 | K62: 星扩增 | L62: 精通乘区 | M62: 暴击率 | N62: 爆伤 | O62: 暴击乘区 | P62: 抗性系数 | Q62: 擢升 | R62: 权重 | S62: xp伤害 | T62: 触发次数 | U62: 总伤
F63: p1 | G63: 1446.85 | H63: 0.75 | I63: 1.28 | J63: 0 | K63: 1.6 | L63: =1+6*J63/(J63+2000)+K63 -> 2.6 | M63: 0.5 | N63: 1.5 | O63: =1+M63*N63 -> 1.75 | P63: 0.9 | Q63: 1 | R63: 0.6 | S63: =G63*H63*I63*L63*O63*P63*Q63*R63 -> 3412.714 | T63: 2 | U63: =T65*T63 -> 16435.303
F64: p2 | G64: 1446.85 | H64: 0.75 | I64: 1.28 | J64: 200 | K64: 2.08 | L64: =1+6*J64/(J64+2000)+K64 -> 3.6254545 | M64: 0.85 | N64: 2.22 | O64: =1+M64*N64 -> 2.887 | P64: 0.9 | Q64: 1 | R64: 0.3 | S64: =G64*H64*I64*L64*O64*P64*Q64*R64 -> 3925.2539 | T64: 单次伤害
F65: p3 | G65: 1446.85 | H65: 0.75 | I65: 1.28 | J65: 20 | K65: 1 | L65: =1+6*J65/(J65+2000)+K65 -> 2.0594059 | M65: 0.93 | N65: 2.3 | O65: =1+M65*N65 -> 3.139 | P65: 1.15 | Q65: 1 | R65: 0.05 | S65: =G65*H65*I65*L65*O65*P65*Q65*R65 -> 516.29256 | T65: =SUM(S63:S66) -> 8217.6513
F66: p4 | G66: 1446.85 | H66: 0.75 | I66: 1.28 | J66: 0 | K66: 1.6 | L66: =1+6*J66/(J66+2000)+K66 -> 2.6 | M66: 0.5 | N66: 1.5 | O66: =1+M66*N66 -> 1.75 | P66: 1.15 | Q66: 1 | R66: 0.05 | S66: =G66*H66*I66*L66*O66*P66*Q66*R66 -> 363.39085
A75: 0＋1桑多涅1＋星峰剑奥c6布0七 | F75: mc | G75: 攻击力 | H75: 倍率 | I75: 基础系数 | J75: 独立 | K75: 基础乘区 | L75: 精通 | M75: 星扩增 | N75: 精通乘区 | O75: 羽毛 | P75: 暴击率 | Q75: 爆伤 | R75: 暴击乘区 | S75: 抗性系数 | T75: 擢升 | U75: 单次伤害 | V75: 总伤
A76: 统计 | B76: DMG | C76: DPS | D76: 轴长 | F76: z | G76: =3199+488+203 -> 3890 | H76: 2.4225 | I76: 1.28 | J76: 1 | K76: =G76*H76*I76*J76 -> 12062.112 | L76: 200 | M76: 2.38 | N76: =1+6*L76/(L76+2000)+M76 -> 3.9254545 | O76: 0 | P76: 0.85 | Q76: 2.22 | R76: =1+P76*Q76 -> 2.887 | S76: 1.15 | T76: 1 | U76: =(K76*N76+O76)*R76*S76*T76 -> 157201.95 | V76: =SUM(U76:U88) -> 2407257.1
B77: =B79+B81+B83 -> 3663593.2 | C77: =B77/D77 -> 183179.66 | D77: 20 | F77: z | G77: =3199+488+203 -> 3890 | H77: 2.4225 | I77: 1.28 | J77: 1 | K77: =G77*H77*I77*J77 -> 12062.112 | L77: 200 | M77: 2.38 | N77: =1+6*L77/(L77+2000)+M77 -> 3.9254545 | O77: 0 | P77: 0.85 | Q77: 2.22 | R77: =1+P77*Q77 -> 2.887 | S77: 1.15 | T77: 1 | U77: =(K77*N77+O77)*R77*S77*T77 -> 157201.95
B78: 桑多涅总伤 | C78: 占比 | F78: z | G78: =3199+488+203 -> 3890 | H78: 2.4225 | I78: 1.28 | J78: 1 | K78: =G78*H78*I78*J78 -> 12062.112 | L78: 200 | M78: 2.38 | N78: =1+6*L78/(L78+2000)+M78 -> 3.9254545 | O78: 0 | P78: 0.85 | Q78: 2.22 | R78: =1+P78*Q78 -> 2.887 | S78: 1.15 | T78: 1 | U78: =(K78*N78+O78)*R78*S78*T78 -> 157201.95
B79: =V76+T92 -> 2753912.8 | C79: =B79/B77 -> 0.75169722 | F79: e | G79: =3199+488+203 -> 3890 | H79: 0.5832 | I79: 1.28 | J79: 4 | K79: =G79*H79*I79*J79 -> 11615.478 | L79: 200 | M79: 2.38 | N79: =1+6*L79/(L79+2000)+M79 -> 3.9254545 | O79: 0 | P79: 0.85 | Q79: 2.22 | R79: =1+P79*Q79 -> 2.887 | S79: 1.15 | T79: 1 | U79: =(K79*N79+O79)*R79*S79*T79 -> 151381.1
B80: 奥黛塔总伤 | C80: 占比 | F80: q | G80: =3199+488+203 -> 3890 | H80: 5.9544 | I80: 1.28 | J80: 2 | K80: =G80*H80*I80*J80 -> 59296.297 | L80: 200 | M80: 2.38 | N80: =1+6*L80/(L80+2000)+M80 -> 3.9254545 | O80: 0 | P80: 0.85 | Q80: 2.22 | R80: =1+P80*Q80 -> 2.887 | S80: 1.15 | T80: 1 | U80: =(K80*N80+O80)*R80*S80*T80 -> 772791.17
B81: =V102+T115 -> 718765.09 | C81: =B81/B77 -> 0.19619129 | F81: z | G81: =3199+488+203 -> 3890 | H81: 2.4225 | I81: 1.28 | J81: 1 | K81: =G81*H81*I81*J81 -> 12062.112 | L81: 200 | M81: 2.38 | N81: =1+6*L81/(L81+2000)+M81 -> 3.9254545 | O81: 0 | P81: 0.85 | Q81: 2.22 | R81: =1+P81*Q81 -> 2.887 | S81: 1.15 | T81: 1 | U81: =(K81*N81+O81)*R81*S81*T81 -> 157201.95
B82: 反应伤害 | C82: 占比 | F82: z | G82: =3199+488+203 -> 3890 | H82: 2.4225 | I82: 1.28 | J82: 1 | K82: =G82*H82*I82*J82 -> 12062.112 | L82: 200 | M82: 2.38 | N82: =1+6*L82/(L82+2000)+M82 -> 3.9254545 | O82: 0 | P82: 0.85 | Q82: 2.22 | R82: =1+P82*Q82 -> 2.887 | S82: 1.15 | T82: 1 | U82: =(K82*N82+O82)*R82*S82*T82 -> 157201.95
B83: =U120+U126+U132+U138 -> 190915.31 | C83: =B83/B77 -> 0.052111492 | F83: z | G83: =3199+488+203 -> 3890 | H83: 2.4225 | I83: 1.28 | J83: 1 | K83: =G83*H83*I83*J83 -> 12062.112 | L83: 200 | M83: 2.38 | N83: =1+6*L83/(L83+2000)+M83 -> 3.9254545 | O83: 0 | P83: 0.85 | Q83: 2.22 | R83: =1+P83*Q83 -> 2.887 | S83: 1.15 | T83: 1 | U83: =(K83*N83+O83)*R83*S83*T83 -> 157201.95
F84: e | G84: =3199+488+203 -> 3890 | H84: 0.5832 | I84: 1.28 | J84: 4 | K84: =G84*H84*I84*J84 -> 11615.478 | L84: 200 | M84: 2.38 | N84: =1+6*L84/(L84+2000)+M84 -> 3.9254545 | O84: 0 | P84: 0.85 | Q84: 2.22 | R84: =1+P84*Q84 -> 2.887 | S84: 1.15 | T84: 1 | U84: =(K84*N84+O84)*R84*S84*T84 -> 151381.1
F85: z | G85: =3199+203 -> 3402 | H85: 2.4225 | I85: 1.28 | J85: 1 | K85: =G85*H85*I85*J85 -> 10548.922 | L85: 200 | M85: 2.38 | N85: =1+6*L85/(L85+2000)+M85 -> 3.9254545 | O85: 0 | P85: 0.85 | Q85: 2.22 | R85: =1+P85*Q85 -> 2.887 | S85: 0.9 | T85: 1 | U85: =(K85*N85+O85)*R85*S85*T85 -> 107593.82
F86: z | G86: =3199+203 -> 3402 | H86: 2.4225 | I86: 1.28 | J86: 1 | K86: =G86*H86*I86*J86 -> 10548.922 | L86: 200 | M86: 2.38 | N86: =1+6*L86/(L86+2000)+M86 -> 3.9254545 | O86: 0 | P86: 0.85 | Q86: 2.22 | R86: =1+P86*Q86 -> 2.887 | S86: 0.9 | T86: 1 | U86: =(K86*N86+O86)*R86*S86*T86 -> 107593.82
F87: z | G87: =3199 -> 3199 | H87: 2.4225 | I87: 1.28 | J87: 1 | K87: =G87*H87*I87*J87 -> 9919.4592 | L87: 200 | M87: 1.88 | N87: =1+6*L87/(L87+2000)+M87 -> 3.4254545 | O87: 0 | P87: 0.85 | Q87: 2.22 | R87: =1+P87*Q87 -> 2.887 | S87: 0.9 | T87: 1 | U87: =(K87*N87+O87)*R87*S87*T87 -> 88286.743
F88: e | G88: =3199 -> 3199 | H88: 0.5832 | I88: 1.28 | J88: 4 | K88: =G88*H88*I88*J88 -> 9552.1628 | L88: 200 | M88: 1.88 | N88: =1+6*L88/(L88+2000)+M88 -> 3.4254545 | O88: 0 | P88: 0.85 | Q88: 2.22 | R88: =1+P88*Q88 -> 2.887 | S88: 0.9 | T88: 1 | U88: =(K88*N88+O88)*R88*S88*T88 -> 85017.674
G91: 攻击力 | H91: 倍率 | I91: 独立 | J91: 独立 | K91: 基础乘区 | L91: 冰增伤 | M91: 暴击率 | N91: 爆伤 | O91: 暴击乘区 | P91: 抗性系数 | Q91: 单次伤害 | R91: 次数 | S91: 单总伤 | T91: 总伤
G92: =3199+488+203 -> 3890 | H92: 0.85 | I92: 1 | J92: 1 | K92: =G92*H92*I92*J92 -> 3306.5 | L92: 1 | M92: 0.85 | N92: 2.22 | O92: =1+M92*N92 -> 2.887 | P92: 1.15 | Q92: =K92*L92*O92*P92 -> 10977.745 | R92: 9 | S92: =Q92*R92 -> 98799.708 | T92: =SUM(S92:S98) -> 346655.7
G93: =3199+488+203 -> 3890 | H93: 0.5832 | I93: 1 | J93: 1 | K93: =G93*H93*I93*J93 -> 2268.648 | L93: 1 | M93: 0.85 | N93: 2.22 | O93: =1+M93*N93 -> 2.887 | P93: 1.15 | Q93: =K93*L93*O93*P93 -> 7532.0248 | R93: 1 | S93: =Q93*R93 -> 7532.0248
G94: =3199+488+203 -> 3890 | H94: 1.5879 | I94: 3 | J94: 1 | K94: =G94*H94*I94*J94 -> 18530.793 | L94: 1 | M94: 0.85 | N94: 2.22 | O94: =1+M94*N94 -> 2.887 | P94: 1.15 | Q94: =K94*L94*O94*P94 -> 61523.159 | R94: 1 | S94: =Q94*R94 -> 61523.159
G95: =3199+488+203 -> 3890 | H95: 0.85 | I95: 1 | J95: 1 | K95: =G95*H95*I95*J95 -> 3306.5 | L95: 1 | M95: 0.85 | N95: 2.22 | O95: =1+M95*N95 -> 2.887 | P95: 1.15 | Q95: =K95*L95*O95*P95 -> 10977.745 | R95: 9 | S95: =Q95*R95 -> 98799.708
G96: =3199+488+203 -> 3890 | H96: 0.5832 | I96: 1 | J96: 1 | K96: =G96*H96*I96*J96 -> 2268.648 | L96: 1 | M96: 0.85 | N96: 2.22 | O96: =1+M96*N96 -> 2.887 | P96: 1.15 | Q96: =K96*L96*O96*P96 -> 7532.0248 | R96: 1 | S96: =Q96*R96 -> 7532.0248
G97: =$G86 -> 3402 | H97: 0.85 | I97: 1 | J97: 1 | K97: =G97*H97*I97*J97 -> 2891.7 | L97: 1 | M97: 0.85 | N97: 2.22 | O97: =1+M97*N97 -> 2.887 | P97: 0.9 | Q97: =K97*L97*O97*P97 -> 7513.5041 | R97: 9 | S97: =Q97*R97 -> 67621.537
G98: =$G88 -> 3199 | H98: 0.5832 | I98: 1 | J98: 1 | K98: =G98*H98*I98*J98 -> 1865.6568 | L98: 1 | M98: 0.85 | N98: 2.22 | O98: =1+M98*N98 -> 2.887 | P98: 0.9 | Q98: =K98*L98*O98*P98 -> 4847.5361 | R98: 1 | S98: =Q98*R98 -> 4847.5361
F100: 奥黛塔
F101: mc | G101: 攻击力 | H101: 倍率 | I101: 基础系数 | J101: 独立 | K101: 基础乘区 | L101: 精通 | M101: 星扩增 | N101: 精通乘区 | O101: 羽毛 | P101: 暴击率 | Q101: 爆伤 | R101: 暴击乘区 | S101: 抗性系数 | T101: 擢升 | U101: 单次伤害 | V101: 总伤
F102: ee | G102: 2604 | H102: 8.2555 | I102: 1.28 | J102: =16*0.015+1 -> 1.24 | K102: =G102*H102*I102*J102 -> 34120.549 | L102: 20 | M102: 1.4 | N102: =1+6*L102/(L102+2000)+M102 -> 2.4594059 | O102: 0 | P102: 0.93 | Q102: 2.3 | R102: =1+P102*Q102 -> 3.139 | S102: 0.9 | T102: 1 | U102: =(K102*N102+O102)*R102*S102*T102 -> 237071.89 | V102: =SUM(U102:U112) -> 581946.46
G103: 2604 | H103: 4.5 | I103: 1.28 | J103: =16*0.015+1 -> 1.24 | K103: =G103*H103*I103*J103 -> 18598.81 | L103: 20 | M103: 1.4 | N103: =1+6*L103/(L103+2000)+M103 -> 2.4594059 | O103: 0 | P103: 0.93 | Q103: 2.3 | R103: =1+P103*Q103 -> 3.139 | S103: 0.9 | T103: 1 | U103: =(K103*N103+O103)*R103*S103*T103 -> 129225.79
F104: e1 | G104: =189+2604 -> 2793 | H104: 0.7295 | I104: 1.28 | J104: =17*0.015+1 -> 1.255 | K104: =G104*H104*I104*J104 -> 3273.0296 | L104: 20 | M104: 1.6 | N104: =1+6*L104/(L104+2000)+M104 -> 2.6594059 | O104: 0 | P104: 0.93 | Q104: 2.3 | R104: =1+P104*Q104 -> 3.139 | S104: 0.9 | T104: 1 | U104: =(K104*N104+O104)*R104*S104*T104 -> 24590.558
F105: e2 | G105: =189+2604 -> 2793 | H105: 0.8724 | I105: 1.28 | J105: =17*0.015+1 -> 1.255 | K105: =G105*H105*I105*J105 -> 3914.1754 | L105: 20 | M105: 1 | N105: =1+6*L105/(L105+2000)+M105 -> 2.0594059 | O105: 0 | P105: 0.93 | Q105: 2.3 | R105: =1+P105*Q105 -> 3.139 | S105: 1.15 | T105: 1 | U105: =(K105*N105+O105)*R105*S105*T105 -> 29098.554
F106: e3 | G106: =189+2604 -> 2793 | H106: 0.7295 | I106: 1.28 | J106: =17*0.015+1 -> 1.255 | K106: =G106*H106*I106*J106 -> 3273.0296 | L106: 20 | M106: 1 | N106: =1+6*L106/(L106+2000)+M106 -> 2.0594059 | O106: 0 | P106: 0.93 | Q106: 2.3 | R106: =1+P106*Q106 -> 3.139 | S106: 1.15 | T106: 1 | U106: =(K106*N106+O106)*R106*S106*T106 -> 24332.181
F107: e4 | G107: =189+2604 -> 2793 | H107: 0.8724 | I107: 1.28 | J107: =17*0.015+1 -> 1.255 | K107: =G107*H107*I107*J107 -> 3914.1754 | L107: 20 | M107: 1 | N107: =1+6*L107/(L107+2000)+M107 -> 2.0594059 | O107: 0 | P107: 0.93 | Q107: 2.3 | R107: =1+P107*Q107 -> 3.139 | S107: 1.15 | T107: 1 | U107: =(K107*N107+O107)*R107*S107*T107 -> 29098.554
F108: e5 | G108: =189+2604 -> 2793 | H108: 0.7295 | I108: 1.28 | J108: =17*0.015+1 -> 1.255 | K108: =G108*H108*I108*J108 -> 3273.0296 | L108: 20 | M108: 1 | N108: =1+6*L108/(L108+2000)+M108 -> 2.0594059 | O108: 0 | P108: 0.93 | Q108: 2.3 | R108: =1+P108*Q108 -> 3.139 | S108: 1.15 | T108: 1 | U108: =(K108*N108+O108)*R108*S108*T108 -> 24332.181
F109: e6 | G109: =189+2604 -> 2793 | H109: 0.8724 | I109: 1.28 | J109: =17*0.015+1 -> 1.255 | K109: =G109*H109*I109*J109 -> 3914.1754 | L109: 20 | M109: 1 | N109: =1+6*L109/(L109+2000)+M109 -> 2.0594059 | O109: 0 | P109: 0.93 | Q109: 2.3 | R109: =1+P109*Q109 -> 3.139 | S109: 1.15 | T109: 1 | U109: =(K109*N109+O109)*R109*S109*T109 -> 29098.554
F110: e7 | G110: =189+2604 -> 2793 | H110: 0.7295 | I110: 1.28 | J110: =17*0.015+1 -> 1.255 | K110: =G110*H110*I110*J110 -> 3273.0296 | L110: 20 | M110: 1 | N110: =1+6*L110/(L110+2000)+M110 -> 2.0594059 | O110: 0 | P110: 0.93 | Q110: 2.3 | R110: =1+P110*Q110 -> 3.139 | S110: 0.9 | T110: 1 | U110: =(K110*N110+O110)*R110*S110*T110 -> 19042.577
F111: e8 | G111: =189+2604 -> 2793 | H111: 0.8724 | I111: 1.28 | J111: =17*0.015+1 -> 1.255 | K111: =G111*H111*I111*J111 -> 3914.1754 | L111: 20 | M111: 1 | N111: =1+6*L111/(L111+2000)+M111 -> 2.0594059 | O111: 0 | P111: 0.93 | Q111: 2.3 | R111: =1+P111*Q111 -> 3.139 | S111: 0.9 | T111: 1 | U111: =(K111*N111+O111)*R111*S111*T111 -> 22772.781
F112: e9 | G112: 2604 | H112: 0.7295 | I112: 1.28 | J112: 1.24 | K112: =G112*H112*I112*J112 -> 3015.0737 | L112: 20 | M112: 0.5 | N112: =1+6*L112/(L112+2000)+M112 -> 1.5594059 | O112: 0 | P112: 0.93 | Q112: 2.3 | R112: =1+P112*Q112 -> 3.139 | S112: 0.9 | T112: 1 | U112: =(K112*N112+O112)*R112*S112*T112 -> 13282.84
G114: 攻击力 | H114: 倍率 | I114: 独立 | J114: 独立 | K114: 基础乘区 | L114: 冰增伤 | M114: 暴击率 | N114: 爆伤 | O114: 暴击乘区 | P114: 抗性系数 | Q114: 单次伤害 | R114: 次数 | S114: 单总伤 | T114: 总伤
G115: =G102 -> 2604 | H115: 1.9454 | I115: 1 | J115: 1 | K115: =G115*H115*I115*J115 -> 5065.8216 | L115: 1 | M115: 0.93 | N115: 2.3 | O115: =1+M115*N115 -> 3.139 | P115: 0.9 | Q115: =K115*L115*O115*P115 -> 14311.453 | R115: 1 | S115: =Q115*R115 -> 14311.453 | T115: =SUM(S115:S116) -> 136818.63
G116: =G107 -> 2793 | H116: 1.7251 | I116: 1 | J116: 1 | K116: =G116*H116*I116*J116 -> 4818.2043 | L116: 1 | M116: 0.93 | N116: 2.3 | O116: =1+M116*N116 -> 3.139 | P116: 0.9 | Q116: =K116*L116*O116*P116 -> 13611.909 | R116: 9 | S116: =Q116*R116 -> 122507.18
F118: 冰涡
G119: 反应系数 | H119: 冰系数 | I119: 基础系数 | J119: 精通 | K119: 星扩增 | L119: 精通乘区 | M119: 暴击率 | N119: 爆伤 | O119: 暴击乘区 | P119: 抗性系数 | Q119: 擢升 | R119: 权重 | S119: xp伤害 | T119: 触发次数 | U119: 总伤
F120: p1 | G120: 1446.85 | H120: 2 | I120: 1.28 | J120: 200 | K120: 2.38 | L120: =1+6*J120/(J120+2000)+K120 -> 3.9254545 | M120: 0.85 | N120: 2.22 | O120: =1+M120*N120 -> 2.887 | P120: 1.15 | Q120: 1 | R120: 0.6 | S120: =G120*H120*I120*L120*O120*P120*Q120*R120 -> 28963.384 | T120: 2 | U120: =T122*T120 -> 72992.674
...

Sheet 1+1桑0奥
A1: 1＋1桑多涅0＋星峰剑奥c6布0七 | F1: mc | G1: 攻击力 | H1: 倍率 | I1: 基础系数 | J1: 独立 | K1: 基础乘区 | L1: 精通 | M1: 星扩增 | N1: 精通乘区 | O1: 羽毛 | P1: 暴击率 | Q1: 爆伤 | R1: 暴击乘区 | S1: 抗性系数 | T1: 擢升 | U1: 单次伤害 | V1: 总伤
A2: 统计 | B2: DMG | C2: DPS | D2: 轴长 | F2: z | G2: =3199+488+203 -> 3890 | H2: 2.4225 | I2: 1.28 | J2: 1 | K2: =G2*H2*I2*J2 -> 12062.112 | L2: 200 | M2: 2.23 | N2: =1+6*L2/(L2+2000)+M2 -> 3.7754545 | O2: 0 | P2: 0.85 | Q2: 2.22 | R2: =1+P2*Q2 -> 2.887 | S2: 1.15 | T2: 1 | U2: =(K2*N2+O2)*R2*S2*T2 -> 151194.93 | V2: =SUM(U2:U16) -> 2568777.2
B3: =B5+B7+B9 -> 3753903.6 | C3: =B3/D3 -> 174600.17 | D3: 21.5 | F3: z | G3: =3199+488+203 -> 3890 | H3: 2.4225 | I3: 1.28 | J3: 1 | K3: =G3*H3*I3*J3 -> 12062.112 | L3: 200 | M3: 2.38 | N3: =1+6*L3/(L3+2000)+M3 -> 3.9254545 | O3: 0 | P3: 0.85 | Q3: 2.22 | R3: =1+P3*Q3 -> 2.887 | S3: 1.15 | T3: 1 | U3: =(K3*N3+O3)*R3*S3*T3 -> 157201.95
B4: 桑多涅总伤 | C4: 占比 | F4: z | G4: =3199+488+203 -> 3890 | H4: 2.4225 | I4: 1.28 | J4: 1 | K4: =G4*H4*I4*J4 -> 12062.112 | L4: 200 | M4: 2.38 | N4: =1+6*L4/(L4+2000)+M4 -> 3.9254545 | O4: 0 | P4: 0.85 | Q4: 2.22 | R4: =1+P4*Q4 -> 2.887 | S4: 1.15 | T4: 1 | U4: =(K4*N4+O4)*R4*S4*T4 -> 157201.95
B5: =V2+T19 -> 2975522.4 | C5: =B5/B3 -> 0.79264753 | F5: z | G5: =3199+488+203 -> 3890 | H5: 2.4225 | I5: 1.28 | J5: 1 | K5: =G5*H5*I5*J5 -> 12062.112 | L5: 200 | M5: 2.38 | N5: =1+6*L5/(L5+2000)+M5 -> 3.9254545 | O5: 0 | P5: 0.85 | Q5: 2.22 | R5: =1+P5*Q5 -> 2.887 | S5: 1.15 | T5: 1 | U5: =(K5*N5+O5)*R5*S5*T5 -> 157201.95
B6: 奥黛塔总伤 | C6: 占比 | F6: z | G6: =3199+488+203 -> 3890 | H6: 2.4225 | I6: 1.28 | J6: 1 | K6: =G6*H6*I6*J6 -> 12062.112 | L6: 200 | M6: 2.38 | N6: =1+6*L6/(L6+2000)+M6 -> 3.9254545 | O6: 0 | P6: 0.85 | Q6: 2.22 | R6: =1+P6*Q6 -> 2.887 | S6: 1.15 | T6: 1 | U6: =(K6*N6+O6)*R6*S6*T6 -> 157201.95
B7: =V27+T39 -> 586299.57 | C7: =B7/B3 -> 0.15618397 | F7: z | G7: =3199+488+203 -> 3890 | H7: 2.4225 | I7: 1.28 | J7: 1 | K7: =G7*H7*I7*J7 -> 12062.112 | L7: 200 | M7: 2.38 | N7: =1+6*L7/(L7+2000)+M7 -> 3.9254545 | O7: 0 | P7: 0.85 | Q7: 2.22 | R7: =1+P7*Q7 -> 2.887 | S7: 1.15 | T7: 1 | U7: =(K7*N7+O7)*R7*S7*T7 -> 157201.95
B8: 反应伤害 | C8: 占比 | F8: q | G8: =3199+488+203 -> 3890 | H8: 5.9544 | I8: 1.28 | J8: 2 | K8: =G8*H8*I8*J8 -> 59296.297 | L8: 200 | M8: 2.38 | N8: =1+6*L8/(L8+2000)+M8 -> 3.9254545 | O8: 0 | P8: 0.85 | Q8: 2.22 | R8: =1+P8*Q8 -> 2.887 | S8: 1.15 | T8: 1 | U8: =(K8*N8+O8)*R8*S8*T8 -> 772791.17
B9: =U44+U50+U56+U62 -> 192081.61 | C9: =B9/B3 -> 0.051168498 | F9: e | G9: =3199+488+203 -> 3890 | H9: 0.5832 | I9: 1.28 | J9: 4 | K9: =G9*H9*I9*J9 -> 11615.478 | L9: 200 | M9: 2.38 | N9: =1+6*L9/(L9+2000)+M9 -> 3.9254545 | O9: 0 | P9: 0.85 | Q9: 2.22 | R9: =1+P9*Q9 -> 2.887 | S9: 1.15 | T9: 1 | U9: =(K9*N9+O9)*R9*S9*T9 -> 151381.1
F10: z | G10: =3199+488+203 -> 3890 | H10: 2.4225 | I10: 1.28 | J10: 1 | K10: =G10*H10*I10*J10 -> 12062.112 | L10: 200 | M10: 2.38 | N10: =1+6*L10/(L10+2000)+M10 -> 3.9254545 | O10: 0 | P10: 0.85 | Q10: 2.22 | R10: =1+P10*Q10 -> 2.887 | S10: 0.9 | T10: 1 | U10: =(K10*N10+O10)*R10*S10*T10 -> 123027.61
F11: z | G11: =3199+203 -> 3402 | H11: 2.4225 | I11: 1.28 | J11: 1 | K11: =G11*H11*I11*J11 -> 10548.922 | L11: 200 | M11: 2.38 | N11: =1+6*L11/(L11+2000)+M11 -> 3.9254545 | O11: 0 | P11: 0.85 | Q11: 2.22 | R11: =1+P11*Q11 -> 2.887 | S11: 0.9 | T11: 1 | U11: =(K11*N11+O11)*R11*S11*T11 -> 107593.82
F12: z | G12: =3199+203 -> 3402 | H12: 2.4225 | I12: 1.28 | J12: 1 | K12: =G12*H12*I12*J12 -> 10548.922 | L12: 200 | M12: 2.38 | N12: =1+6*L12/(L12+2000)+M12 -> 3.9254545 | O12: 0 | P12: 0.85 | Q12: 2.22 | R12: =1+P12*Q12 -> 2.887 | S12: 0.9 | T12: 1 | U12: =(K12*N12+O12)*R12*S12*T12 -> 107593.82
F13: z | G13: =3199+203 -> 3402 | H13: 2.4225 | I13: 1.28 | J13: 1 | K13: =G13*H13*I13*J13 -> 10548.922 | L13: 200 | M13: 2.38 | N13: =1+6*L13/(L13+2000)+M13 -> 3.9254545 | O13: 0 | P13: 0.85 | Q13: 2.22 | R13: =1+P13*Q13 -> 2.887 | S13: 0.9 | T13: 1 | U13: =(K13*N13+O13)*R13*S13*T13 -> 107593.82
F14: z | G14: =3199 -> 3199 | H14: 2.4225 | I14: 1.28 | J14: 1 | K14: =G14*H14*I14*J14 -> 9919.4592 | L14: 200 | M14: 1.88 | N14: =1+6*L14/(L14+2000)+M14 -> 3.4254545 | O14: 0 | P14: 0.85 | Q14: 2.22 | R14: =1+P14*Q14 -> 2.887 | S14: 0.9 | T14: 1 | U14: =(K14*N14+O14)*R14*S14*T14 -> 88286.743
F15: z | G15: =3199 -> 3199 | H15: 2.4225 | I15: 1.28 | J15: 1 | K15: =G15*H15*I15*J15 -> 9919.4592 | L15: 200 | M15: 1.88 | N15: =1+6*L15/(L15+2000)+M15 -> 3.4254545 | O15: 0 | P15: 0.85 | Q15: 2.22 | R15: =1+P15*Q15 -> 2.887 | S15: 0.9 | T15: 1 | U15: =(K15*N15+O15)*R15*S15*T15 -> 88286.743
F16: e | G16: =3199 -> 3199 | H16: 0.5832 | I16: 1.28 | J16: 4 | K16: =G16*H16*I16*J16 -> 9552.1628 | L16: 200 | M16: 1.88 | N16: =1+6*L16/(L16+2000)+M16 -> 3.4254545 | O16: 0 | P16: 0.85 | Q16: 2.22 | R16: =1+P16*Q16 -> 2.887 | S16: 0.9 | T16: 1 | U16: =(K16*N16+O16)*R16*S16*T16 -> 85017.674
G18: 攻击力 | H18: 倍率 | I18: 独立 | J18: 独立 | K18: 基础乘区 | L18: 冰增伤 | M18: 暴击率 | N18: 爆伤 | O18: 暴击乘区 | P18: 抗性系数 | Q18: 单次伤害 | R18: 次数 | S18: 单总伤 | T18: 总伤
G19: =3199+488+203 -> 3890 | H19: 0.85 | I19: 1 | J19: 1 | K19: =G19*H19*I19*J19 -> 3306.5 | L19: 1 | M19: 0.85 | N19: 2.22 | O19: =1+M19*N19 -> 2.887 | P19: 1.15 | Q19: =K19*L19*O19*P19 -> 10977.745 | R19: 18 | S19: =Q19*R19 -> 197599.42 | T19: =SUM(S19:S25) -> 406745.21
G20: =3199+488+203 -> 3890 | H20: 1.5879 | I20: 3 | J20: 1 | K20: =G20*H20*I20*J20 -> 18530.793 | L20: 1 | M20: 0.85 | N20: 2.22 | O20: =1+M20*N20 -> 2.887 | P20: 1.15 | Q20: =K20*L20*O20*P20 -> 61523.159 | R20: 1 | S20: =Q20*R20 -> 61523.159
G21: =3199+488+203 -> 3890 | H21: 0.5832 | I21: 1 | J21: 1 | K21: =G21*H21*I21*J21 -> 2268.648 | L21: 1 | M21: 0.85 | N21: 2.22 | O21: =1+M21*N21 -> 2.887 | P21: 1.15 | Q21: =K21*L21*O21*P21 -> 7532.0248 | R21: 1 | S21: =Q21*R21 -> 7532.0248
G22: =G11 -> 3402 | H22: 0.85 | I22: 1 | J22: 1 | K22: =G22*H22*I22*J22 -> 2891.7 | L22: 1 | M22: 0.85 | N22: 2.22 | O22: =1+M22*N22 -> 2.887 | P22: 0.9 | Q22: =K22*L22*O22*P22 -> 7513.5041 | R22: 18 | S22: =Q22*R22 -> 135243.07
G23: =G16 -> 3199 | H23: 0.5832 | I23: 1 | J23: 1 | K23: =G23*H23*I23*J23 -> 1865.6568 | L23: 1 | M23: 0.85 | N23: 2.22 | O23: =1+M23*N23 -> 2.887 | P23: 0.9 | Q23: =K23*L23*O23*P23 -> 4847.5361 | R23: 1 | S23: =Q23*R23 -> 4847.5361
F25: 奥黛塔
F26: mc | G26: 攻击力 | H26: 倍率 | I26: 基础系数 | J26: 独立 | K26: 基础乘区 | L26: 精通 | M26: 星扩增 | N26: 精通乘区 | O26: 羽毛 | P26: 暴击率 | Q26: 爆伤 | R26: 暴击乘区 | S26: 抗性系数 | T26: 擢升 | U26: 单次伤害 | V26: 总伤
F27: ee | G27: 2604 | H27: 8.2555 | I27: 1.28 | J27: =16*0.015+1 -> 1.24 | K27: =G27*H27*I27*J27 -> 34120.549 | L27: 20 | M27: 1.1 | N27: =1+6*L27/(L27+2000)+M27 -> 2.1594059 | O27: 0 | P27: 0.93 | Q27: 2.3 | R27: =1+P27*Q27 -> 3.139 | S27: 0.9 | T27: 1 | U27: =(K27*N27+O27)*R27*S27*T27 -> 208153.7 | V27: =SUM(U27:U36) -> 449480.94
F28: e1 | G28: =189+2604 -> 2793 | H28: 0.7295 | I28: 1.28 | J28: =17*0.015+1 -> 1.255 | K28: =G28*H28*I28*J28 -> 3273.0296 | L28: 20 | M28: 1.3 | N28: =1+6*L28/(L28+2000)+M28 -> 2.3594059 | O28: 0 | P28: 0.93 | Q28: 2.3 | R28: =1+P28*Q28 -> 3.139 | S28: 0.9 | T28: 1 | U28: =(K28*N28+O28)*R28*S28*T28 -> 21816.567
F29: e2 | G29: =189+2604 -> 2793 | H29: 0.8724 | I29: 1.28 | J29: =17*0.015+1 -> 1.255 | K29: =G29*H29*I29*J29 -> 3914.1754 | L29: 20 | M29: 1.3 | N29: =1+6*L29/(L29+2000)+M29 -> 2.3594059 | O29: 0 | P29: 0.93 | Q29: 2.3 | R29: =1+P29*Q29 -> 3.139 | S29: 1.15 | T29: 1 | U29: =(K29*N29+O29)*R29*S29*T29 -> 33337.43
F30: e3 | G30: =189+2604 -> 2793 | H30: 0.7295 | I30: 1.28 | J30: =17*0.015+1 -> 1.255 | K30: =G30*H30*I30*J30 -> 3273.0296 | L30: 20 | M30: 1.3 | N30: =1+6*L30/(L30+2000)+M30 -> 2.3594059 | O30: 0 | P30: 0.93 | Q30: 2.3 | R30: =1+P30*Q30 -> 3.139 | S30: 1.15 | T30: 1 | U30: =(K30*N30+O30)*R30*S30*T30 -> 27876.725
F31: e4 | G31: =189+2604 -> 2793 | H31: 0.8724 | I31: 1.28 | J31: =17*0.015+1 -> 1.255 | K31: =G31*H31*I31*J31 -> 3914.1754 | L31: 20 | M31: 1.3 | N31: =1+6*L31/(L31+2000)+M31 -> 2.3594059 | O31: 0 | P31: 0.93 | Q31: 2.3 | R31: =1+P31*Q31 -> 3.139 | S31: 1.15 | T31: 1 | U31: =(K31*N31+O31)*R31*S31*T31 -> 33337.43
F32: e5 | G32: =189+2604 -> 2793 | H32: 0.7295 | I32: 1.28 | J32: =17*0.015+1 -> 1.255 | K32: =G32*H32*I32*J32 -> 3273.0296 | L32: 20 | M32: 1.3 | N32: =1+6*L32/(L32+2000)+M32 -> 2.3594059 | O32: 0 | P32: 0.93 | Q32: 2.3 | R32: =1+P32*Q32 -> 3.139 | S32: 1.15 | T32: 1 | U32: =(K32*N32+O32)*R32*S32*T32 -> 27876.725
F33: e6 | G33: =189+2604 -> 2793 | H33: 0.8724 | I33: 1.28 | J33: =17*0.015+1 -> 1.255 | K33: =G33*H33*I33*J33 -> 3914.1754 | L33: 20 | M33: 1.3 | N33: =1+6*L33/(L33+2000)+M33 -> 2.3594059 | O33: 0 | P33: 0.93 | Q33: 2.3 | R33: =1+P33*Q33 -> 3.139 | S33: 1.15 | T33: 1 | U33: =(K33*N33+O33)*R33*S33*T33 -> 33337.43
F34: e7 | G34: =189+2604 -> 2793 | H34: 0.7295 | I34: 1.28 | J34: =17*0.015+1 -> 1.255 | K34: =G34*H34*I34*J34 -> 3273.0296 | L34: 20 | M34: 1.3 | N34: =1+6*L34/(L34+2000)+M34 -> 2.3594059 | O34: 0 | P34: 0.93 | Q34: 2.3 | R34: =1+P34*Q34 -> 3.139 | S34: 0.9 | T34: 1 | U34: =(K34*N34+O34)*R34*S34*T34 -> 21816.567
F35: e8 | G35: =189+2604 -> 2793 | H35: 0.8724 | I35: 1.28 | J35: =17*0.015+1 -> 1.255 | K35: =G35*H35*I35*J35 -> 3914.1754 | L35: 20 | M35: 1.3 | N35: =1+6*L35/(L35+2000)+M35 -> 2.3594059 | O35: 0 | P35: 0.93 | Q35: 2.3 | R35: =1+P35*Q35 -> 3.139 | S35: 0.9 | T35: 1 | U35: =(K35*N35+O35)*R35*S35*T35 -> 26090.162
F36: e9 | G36: 2604 | H36: 0.7295 | I36: 1.28 | J36: 1.24 | K36: =G36*H36*I36*J36 -> 3015.0737 | L36: 20 | M36: 0.8 | N36: =1+6*L36/(L36+2000)+M36 -> 1.8594059 | O36: 0 | P36: 0.93 | Q36: 2.3 | R36: =1+P36*Q36 -> 3.139 | S36: 0.9 | T36: 1 | U36: =(K36*N36+O36)*R36*S36*T36 -> 15838.205
G38: 攻击力 | H38: 倍率 | I38: 独立 | J38: 独立 | K38: 基础乘区 | L38: 冰增伤 | M38: 暴击率 | N38: 爆伤 | O38: 暴击乘区 | P38: 抗性系数 | Q38: 单次伤害 | R38: 次数 | S38: 单总伤 | T38: 总伤
G39: =G27 -> 2604 | H39: 1.9454 | I39: 1 | J39: 1 | K39: =G39*H39*I39*J39 -> 5065.8216 | L39: 1 | M39: 0.93 | N39: 2.3 | O39: =1+M39*N39 -> 3.139 | P39: 0.9 | Q39: =K39*L39*O39*P39 -> 14311.453 | R39: 1 | S39: =Q39*R39 -> 14311.453 | T39: =SUM(S39:S40) -> 136818.63
G40: =G31 -> 2793 | H40: 1.7251 | I40: 1 | J40: 1 | K40: =G40*H40*I40*J40 -> 4818.2043 | L40: 1 | M40: 0.93 | N40: 2.3 | O40: =1+M40*N40 -> 3.139 | P40: 0.9 | Q40: =K40*L40*O40*P40 -> 13611.909 | R40: 9 | S40: =Q40*R40 -> 122507.18
F42: 冰涡
G43: 反应系数 | H43: 冰系数 | I43: 基础系数 | J43: 精通 | K43: 星扩增 | L43: 精通乘区 | M43: 暴击率 | N43: 爆伤 | O43: 暴击乘区 | P43: 抗性系数 | Q43: 擢升 | R43: 权重 | S43: xp伤害 | T43: 触发次数 | U43: 总伤
F44: p1 | G44: 1446.85 | H44: 2 | I44: 1.28 | J44: 200 | K44: 2.38 | L44: =1+6*J44/(J44+2000)+K44 -> 3.9254545 | M44: 0.85 | N44: 2.22 | O44: =1+M44*N44 -> 2.887 | P44: 1.15 | Q44: 1 | R44: 0.6 | S44: =G44*H44*I44*L44*O44*P44*Q44*R44 -> 28963.384 | T44: 2 | U44: =T46*T44 -> 73393.794
F45: p2 | G45: 1446.85 | H45: 2 | I45: 1.28 | J45: 0 | K45: 1.9 | L45: =1+6*J45/(J45+2000)+K45 -> 2.9 | M45: 0.5 | N45: 1.5 | O45: =1+M45*N45 -> 1.75 | P45: 0.9 | Q45: 1 | R45: 0.3 | S45: =G45*H45*I45*L45*O45*P45*Q45*R45 -> 5075.3183 | T45: 单次伤害
F46: p3 | G46: 1446.85 | H46: 2 | I46: 1.28 | J46: 20 | K46: 1.3 | L46: =1+6*J46/(J46+2000)+K46 -> 2.3594059 | M46: 0.93 | N46: 2.3 | O46: =1+M46*N46 -> 3.139 | P46: 1.15 | Q46: 1 | R46: 0.05 | S46: =G46*H46*I46*L46*O46*P46*Q46*R46 -> 1577.3399 | T46: =SUM(S44:S47) -> 36696.897
F47: p4 | G47: 1446.85 | H47: 2 | I47: 1.28 | J47: 0 | K47: 1.9 | L47: =1+6*J47/(J47+2000)+K47 -> 2.9 | M47: 0.5 | N47: 1.5 | O47: =1+M47*N47 -> 1.75 | P47: 1.15 | Q47: 1 | R47: 0.05 | S47: =G47*H47*I47*L47*O47*P47*Q47*R47 -> 1080.8548
G49: 反应系数 | H49: 冰系数 | I49: 基础系数 | J49: 精通 | K49: 星扩增 | L49: 精通乘区 | M49: 暴击率 | N49: 爆伤 | O49: 暴击乘区 | P49: 抗性系数 | Q49: 擢升 | R49: 权重 | S49: xp伤害 | T49: 触发次数 | U49: 总伤
F50: p1 | G50: 1446.85 | H50: 2 | I50: 1.28 | J50: 200 | K50: 2.38 | L50: =1+6*J50/(J50+2000)+K50 -> 3.9254545 | M50: 0.85 | N50: 2.22 | O50: =1+M50*N50 -> 2.887 | P50: 0.9 | Q50: 1 | R50: 0.6 | S50: =G50*H50*I50*L50*O50*P50*Q50*R50 -> 22666.996 | T50: 2 | U50: =T52*T50 -> 59645.282
F51: p2 | G51: 1446.85 | H51: 2 | I51: 1.28 | J51: 0 | K51: 1.9 | L51: =1+6*J51/(J51+2000)+K51 -> 2.9 | M51: 0.5 | N51: 1.5 | O51: =1+M51*N51 -> 1.75 | P51: 0.9 | Q51: 1 | R51: 0.3 | S51: =G51*H51*I51*L51*O51*P51*Q51*R51 -> 5075.3183 | T51: 单次伤害
F52: p3 | G52: 1446.85 | H52: 2 | I52: 1.28 | J52: 20 | K52: 1.3 | L52: =1+6*J52/(J52+2000)+K52 -> 2.3594059 | M52: 0.93 | N52: 2.3 | O52: =1+M52*N52 -> 3.139 | P52: 0.9 | Q52: 1 | R52: 0.05 | S52: =G52*H52*I52*L52*O52*P52*Q52*R52 -> 1234.44 | T52: =SUM(S50:S53) -> 29822.641
F53: p4 | G53: 1446.85 | H53: 2 | I53: 1.28 | J53: 0 | K53: 1.9 | L53: =1+6*J53/(J53+2000)+K53 -> 2.9 | M53: 0.5 | N53: 1.5 | O53: =1+M53*N53 -> 1.75 | P53: 0.9 | Q53: 1 | R53: 0.05 | S53: =G53*H53*I53*L53*O53*P53*Q53*R53 -> 845.88638
F54: 风涡
G55: 反应系数 | H55: 风系数 | I55: 基础系数 | J55: 精通 | K55: 星扩增 | L55: 精通乘区 | M55: 暴击率 | N55: 爆伤 | O55: 暴击乘区 | P55: 抗性系数 | Q55: 擢升 | R55: 权重 | S55: xp伤害 | T55: 触发次数 | U55: 总伤
F56: p1 | G56: 1446.85 | H56: 0.75 | I56: 1.28 | J56: 0 | K56: 1.9 | L56: =1+6*J56/(J56+2000)+K56 -> 2.9 | M56: 0.5 | N56: 1.5 | O56: =1+M56*N56 -> 1.75 | P56: 0.9 | Q56: 1 | R56: 0.6 | S56: =G56*H56*I56*L56*O56*P56*Q56*R56 -> 3806.4887 | T56: 4 | U56: =T58*T56 -> 40935.785
F57: p2 | G57: 1446.85 | H57: 0.75 | I57: 1.28 | J57: 200 | K57: 2.38 | L57: =1+6*J57/(J57+2000)+K57 -> 3.9254545 | M57: 0.85 | N57: 2.22 | O57: =1+M57*N57 -> 2.887 | P57: 1.15 | Q57: 1 | R57: 0.3 | S57: =G57*H57*I57*L57*O57*P57*Q57*R57 -> 5430.6345 | T57: 单次伤害
F58: p3 | G58: 1446.85 | H58: 0.75 | I58: 1.28 | J58: 20 | K58: 1.3 | L58: =1+6*J58/(J58+2000)+K58 -> 2.3594059 | M58: 0.93 | N58: 2.3 | O58: =1+M58*N58 -> 3.139 | P58: 1.15 | Q58: 1 | R58: 0.05 | S58: =G58*H58*I58*L58*O58*P58*Q58*R58 -> 591.50248 | T58: =SUM(S56:S59) -> 10233.946
F59: p4 | G59: 1446.85 | H59: 0.75 | I59: 1.28 | J59: 0 | K59: 1.9 | L59: =1+6*J59/(J59+2000)+K59 -> 2.9 | M59: 0.5 | N59: 1.5 | O59: =1+M59*N59 -> 1.75 | P59: 1.15 | Q59: 1 | R59: 0.05 | S59: =G59*H59*I59*L59*O59*P59*Q59*R59 -> 405.32056
G61: 反应系数 | H61: 风系数 | I61: 基础系数 | J61: 精通 | K61: 星扩增 | L61: 精通乘区 | M61: 暴击率 | N61: 爆伤 | O61: 暴击乘区 | P61: 抗性系数 | Q61: 擢升 | R61: 权重 | S61: xp伤害 | T61: 触发次数 | U61: 总伤
F62: p1 | G62: 1446.85 | H62: 0.75 | I62: 1.28 | J62: 0 | K62: 1.9 | L62: =1+6*J62/(J62+2000)+K62 -> 2.9 | M62: 0.5 | N62: 1.5 | O62: =1+M62*N62 -> 1.75 | P62: 0.9 | Q62: 1 | R62: 0.6 | S62: =G62*H62*I62*L62*O62*P62*Q62*R62 -> 3806.4887 | T62: 2 | U62: =T64*T62 -> 18106.747
F63: p2 | G63: 1446.85 | H63: 0.75 | I63: 1.28 | J63: 200 | K63: 2.38 | L63: =1+6*J63/(J63+2000)+K63 -> 3.9254545 | M63: 0.85 | N63: 2.22 | O63: =1+M63*N63 -> 2.887 | P63: 0.9 | Q63: 1 | R63: 0.3 | S63: =G63*H63*I63*L63*O63*P63*Q63*R63 -> 4250.0618 | T63: 单次伤害
F64: p3 | G64: 1446.85 | H64: 0.75 | I64: 1.28 | J64: 20 | K64: 1.3 | L64: =1+6*J64/(J64+2000)+K64 -> 2.3594059 | M64: 0.93 | N64: 2.3 | O64: =1+M64*N64 -> 3.139 | P64: 1.15 | Q64: 1 | R64: 0.05 | S64: =G64*H64*I64*L64*O64*P64*Q64*R64 -> 591.50248 | T64: =SUM(S62:S65) -> 9053.3735
F65: p4 | G65: 1446.85 | H65: 0.75 | I65: 1.28 | J65: 0 | K65: 1.9 | L65: =1+6*J65/(J65+2000)+K65 -> 2.9 | M65: 0.5 | N65: 1.5 | O65: =1+M65*N65 -> 1.75 | P65: 1.15 | Q65: 1 | R65: 0.05 | S65: =G65*H65*I65*L65*O65*P65*Q65*R65 -> 405.32056
A70: 1＋1桑多涅1＋星峰剑奥c6布0七 | F70: mc | G70: 攻击力 | H70: 倍率 | I70: 基础系数 | J70: 独立 | K70: 基础乘区 | L70: 精通 | M70: 星扩增 | N70: 精通乘区 | O70: 羽毛 | P70: 暴击率 | Q70: 爆伤 | R70: 暴击乘区 | S70: 抗性系数 | T70: 擢升 | U70: 单次伤害 | V70: 总伤
A71: 统计 | B71: DMG | C71: DPS | D71: 轴长 | F71: z | G71: =3199+488+203 -> 3890 | H71: 2.4225 | I71: 1.28 | J71: 1 | K71: =G71*H71*I71*J71 -> 12062.112 | L71: 200 | M71: 2.68 | N71: =1+6*L71/(L71+2000)+M71 -> 4.2254545 | O71: 0 | P71: 0.85 | Q71: 2.22 | R71: =1+P71*Q71 -> 2.887 | S71: 1.15 | T71: 1 | U71: =(K71*N71+O71)*R71*S71*T71 -> 169216 | V71: =SUM(U71:U85) -> 2774478.3
B72: =B74+B76+B78 -> 4135837.1 | C72: =B72/D72 -> 192364.52 | D72: 21.5 | F72: z | G72: =3199+488+203 -> 3890 | H72: 2.4225 | I72: 1.28 | J72: 1 | K72: =G72*H72*I72*J72 -> 12062.112 | L72: 200 | M72: 2.68 | N72: =1+6*L72/(L72+2000)+M72 -> 4.2254545 | O72: 0 | P72: 0.85 | Q72: 2.22 | R72: =1+P72*Q72 -> 2.887 | S72: 1.15 | T72: 1 | U72: =(K72*N72+O72)*R72*S72*T72 -> 169216
B73: 桑多涅总伤 | C73: 占比 | F73: z | G73: =3199+488+203 -> 3890 | H73: 2.4225 | I73: 1.28 | J73: 1 | K73: =G73*H73*I73*J73 -> 12062.112 | L73: 200 | M73: 2.68 | N73: =1+6*L73/(L73+2000)+M73 -> 4.2254545 | O73: 0 | P73: 0.85 | Q73: 2.22 | R73: =1+P73*Q73 -> 2.887 | S73: 1.15 | T73: 1 | U73: =(K73*N73+O73)*R73*S73*T73 -> 169216
B74: =V71+T88 -> 3181223.6 | C74: =B74/B72 -> 0.76918493 | F74: z | G74: =3199+488+203 -> 3890 | H74: 2.4225 | I74: 1.28 | J74: 1 | K74: =G74*H74*I74*J74 -> 12062.112 | L74: 200 | M74: 2.68 | N74: =1+6*L74/(L74+2000)+M74 -> 4.2254545 | O74: 0 | P74: 0.85 | Q74: 2.22 | R74: =1+P74*Q74 -> 2.887 | S74: 1.15 | T74: 1 | U74: =(K74*N74+O74)*R74*S74*T74 -> 169216
B75: 奥黛塔总伤 | C75: 占比 | F75: z | G75: =3199+488+203 -> 3890 | H75: 2.4225 | I75: 1.28 | J75: 1 | K75: =G75*H75*I75*J75 -> 12062.112 | L75: 200 | M75: 2.68 | N75: =1+6*L75/(L75+2000)+M75 -> 4.2254545 | O75: 0 | P75: 0.85 | Q75: 2.22 | R75: =1+P75*Q75 -> 2.887 | S75: 1.15 | T75: 1 | U75: =(K75*N75+O75)*R75*S75*T75 -> 169216
B76: =V96+T109 -> 747217.54 | C76: =B76/B72 -> 0.180669 | F76: z | G76: =3199+488+203 -> 3890 | H76: 2.4225 | I76: 1.28 | J76: 1 | K76: =G76*H76*I76*J76 -> 12062.112 | L76: 200 | M76: 2.68 | N76: =1+6*L76/(L76+2000)+M76 -> 4.2254545 | O76: 0 | P76: 0.85 | Q76: 2.22 | R76: =1+P76*Q76 -> 2.887 | S76: 1.15 | T76: 1 | U76: =(K76*N76+O76)*R76*S76*T76 -> 169216
B77: 反应伤害 | C77: 占比 | F77: q | G77: =3199+488+203 -> 3890 | H77: 5.9544 | I77: 1.28 | J77: 2 | K77: =G77*H77*I77*J77 -> 59296.297 | L77: 200 | M77: 2.68 | N77: =1+6*L77/(L77+2000)+M77 -> 4.2254545 | O77: 0 | P77: 0.85 | Q77: 2.22 | R77: =1+P77*Q77 -> 2.887 | S77: 1.15 | T77: 1 | U77: =(K77*N77+O77)*R77*S77*T77 -> 831851.17
B78: =U114+U120+U126+U132 -> 207395.98 | C78: =B78/B72 -> 0.05014607 | F78: e | G78: =3199+488+203 -> 3890 | H78: 0.5832 | I78: 1.28 | J78: 4 | K78: =G78*H78*I78*J78 -> 11615.478 | L78: 200 | M78: 2.68 | N78: =1+6*L78/(L78+2000)+M78 -> 4.2254545 | O78: 0 | P78: 0.85 | Q78: 2.22 | R78: =1+P78*Q78 -> 2.887 | S78: 1.15 | T78: 1 | U78: =(K78*N78+O78)*R78*S78*T78 -> 162950.29
F79: z | G79: =3199+488+203 -> 3890 | H79: 2.4225 | I79: 1.28 | J79: 1 | K79: =G79*H79*I79*J79 -> 12062.112 | L79: 200 | M79: 2.68 | N79: =1+6*L79/(L79+2000)+M79 -> 4.2254545 | O79: 0 | P79: 0.85 | Q79: 2.22 | R79: =1+P79*Q79 -> 2.887 | S79: 0.9 | T79: 1 | U79: =(K79*N79+O79)*R79*S79*T79 -> 132429.91
F80: z | G80: =3199+203 -> 3402 | H80: 2.4225 | I80: 1.28 | J80: 1 | K80: =G80*H80*I80*J80 -> 10548.922 | L80: 200 | M80: 2.68 | N80: =1+6*L80/(L80+2000)+M80 -> 4.2254545 | O80: 0 | P80: 0.85 | Q80: 2.22 | R80: =1+P80*Q80 -> 2.887 | S80: 0.9 | T80: 1 | U80: =(K80*N80+O80)*R80*S80*T80 -> 115816.59
F81: z | G81: =3199+203 -> 3402 | H81: 2.4225 | I81: 1.28 | J81: 1 | K81: =G81*H81*I81*J81 -> 10548.922 | L81: 200 | M81: 2.68 | N81: =1+6*L81/(L81+2000)+M81 -> 4.2254545 | O81: 0 | P81: 0.85 | Q81: 2.22 | R81: =1+P81*Q81 -> 2.887 | S81: 0.9 | T81: 1 | U81: =(K81*N81+O81)*R81*S81*T81 -> 115816.59
F82: z | G82: =3199+203 -> 3402 | H82: 2.4225 | I82: 1.28 | J82: 1 | K82: =G82*H82*I82*J82 -> 10548.922 | L82: 200 | M82: 2.68 | N82: =1+6*L82/(L82+2000)+M82 -> 4.2254545 | O82: 0 | P82: 0.85 | Q82: 2.22 | R82: =1+P82*Q82 -> 2.887 | S82: 0.9 | T82: 1 | U82: =(K82*N82+O82)*R82*S82*T82 -> 115816.59
F83: z | G83: =3199 -> 3199 | H83: 2.4225 | I83: 1.28 | J83: 1 | K83: =G83*H83*I83*J83 -> 9919.4592 | L83: 200 | M83: 2.18 | N83: =1+6*L83/(L83+2000)+M83 -> 3.7254545 | O83: 0 | P83: 0.85 | Q83: 2.22 | R83: =1+P83*Q83 -> 2.887 | S83: 0.9 | T83: 1 | U83: =(K83*N83+O83)*R83*S83*T83 -> 96018.863
F84: z | G84: =3199 -> 3199 | H84: 2.4225 | I84: 1.28 | J84: 1 | K84: =G84*H84*I84*J84 -> 9919.4592 | L84: 200 | M84: 2.18 | N84: =1+6*L84/(L84+2000)+M84 -> 3.7254545 | O84: 0 | P84: 0.85 | Q84: 2.22 | R84: =1+P84*Q84 -> 2.887 | S84: 0.9 | T84: 1 | U84: =(K84*N84+O84)*R84*S84*T84 -> 96018.863
F85: e | G85: =3199 -> 3199 | H85: 0.5832 | I85: 1.28 | J85: 4 | K85: =G85*H85*I85*J85 -> 9552.1628 | L85: 200 | M85: 2.18 | N85: =1+6*L85/(L85+2000)+M85 -> 3.7254545 | O85: 0 | P85: 0.85 | Q85: 2.22 | R85: =1+P85*Q85 -> 2.887 | S85: 0.9 | T85: 1 | U85: =(K85*N85+O85)*R85*S85*T85 -> 92463.489
G87: 攻击力 | H87: 倍率 | I87: 独立 | J87: 独立 | K87: 基础乘区 | L87: 冰增伤 | M87: 暴击率 | N87: 爆伤 | O87: 暴击乘区 | P87: 抗性系数 | Q87: 单次伤害 | R87: 次数 | S87: 单总伤 | T87: 总伤
G88: =3199+488+203 -> 3890 | H88: 0.85 | I88: 1 | J88: 1 | K88: =G88*H88*I88*J88 -> 3306.5 | L88: 1 | M88: 0.85 | N88: 2.22 | O88: =1+M88*N88 -> 2.887 | P88: 1.15 | Q88: =K88*L88*O88*P88 -> 10977.745 | R88: 18 | S88: =Q88*R88 -> 197599.42 | T88: =SUM(S88:S94) -> 406745.21
G89: =3199+488+203 -> 3890 | H89: 1.5879 | I89: 3 | J89: 1 | K89: =G89*H89*I89*J89 -> 18530.793 | L89: 1 | M89: 0.85 | N89: 2.22 | O89: =1+M89*N89 -> 2.887 | P89: 1.15 | Q89: =K89*L89*O89*P89 -> 61523.159 | R89: 1 | S89: =Q89*R89 -> 61523.159
G90: =3199+488+203 -> 3890 | H90: 0.5832 | I90: 1 | J90: 1 | K90: =G90*H90*I90*J90 -> 2268.648 | L90: 1 | M90: 0.85 | N90: 2.22 | O90: =1+M90*N90 -> 2.887 | P90: 1.15 | Q90: =K90*L90*O90*P90 -> 7532.0248 | R90: 1 | S90: =Q90*R90 -> 7532.0248
G91: =G80 -> 3402 | H91: 0.85 | I91: 1 | J91: 1 | K91: =G91*H91*I91*J91 -> 2891.7 | L91: 1 | M91: 0.85 | N91: 2.22 | O91: =1+M91*N91 -> 2.887 | P91: 0.9 | Q91: =K91*L91*O91*P91 -> 7513.5041 | R91: 18 | S91: =Q91*R91 -> 135243.07
G92: =G85 -> 3199 | H92: 0.5832 | I92: 1 | J92: 1 | K92: =G92*H92*I92*J92 -> 1865.6568 | L92: 1 | M92: 0.85 | N92: 2.22 | O92: =1+M92*N92 -> 2.887 | P92: 0.9 | Q92: =K92*L92*O92*P92 -> 4847.5361 | R92: 1 | S92: =Q92*R92 -> 4847.5361
F94: 奥黛塔
F95: mc | G95: 攻击力 | H95: 倍率 | I95: 基础系数 | J95: 独立 | K95: 基础乘区 | L95: 精通 | M95: 星扩增 | N95: 精通乘区 | O95: 羽毛 | P95: 暴击率 | Q95: 爆伤 | R95: 暴击乘区 | S95: 抗性系数 | T95: 擢升 | U95: 单次伤害 | V95: 总伤
F96: ee | G96: 2604 | H96: 8.2555 | I96: 1.28 | J96: =16*0.015+1 -> 1.24 | K96: =G96*H96*I96*J96 -> 34120.549 | L96: 20 | M96: 1.4 | N96: =1+6*L96/(L96+2000)+M96 -> 2.4594059 | O96: 0 | P96: 0.93 | Q96: 2.3 | R96: =1+P96*Q96 -> 3.139 | S96: 0.9 | T96: 1 | U96: =(K96*N96+O96)*R96*S96*T96 -> 237071.89 | V96: =SUM(U96:U106) -> 610398.91
G97: 2604 | H97: 4.5 | I97: 1.28 | J97: =16*0.015+1 -> 1.24 | K97: =G97*H97*I97*J97 -> 18598.81 | L97: 20 | M97: 1.4 | N97: =1+6*L97/(L97+2000)+M97 -> 2.4594059 | O97: 0 | P97: 0.93 | Q97: 2.3 | R97: =1+P97*Q97 -> 3.139 | S97: 0.9 | T97: 1 | U97: =(K97*N97+O97)*R97*S97*T97 -> 129225.79
F98: e1 | G98: =189+2604 -> 2793 | H98: 0.7295 | I98: 1.28 | J98: =17*0.015+1 -> 1.255 | K98: =G98*H98*I98*J98 -> 3273.0296 | L98: 20 | M98: 1.6 | N98: =1+6*L98/(L98+2000)+M98 -> 2.6594059 | O98: 0 | P98: 0.93 | Q98: 2.3 | R98: =1+P98*Q98 -> 3.139 | S98: 0.9 | T98: 1 | U98: =(K98*N98+O98)*R98*S98*T98 -> 24590.558
F99: e2 | G99: =189+2604 -> 2793 | H99: 0.8724 | I99: 1.28 | J99: =17*0.015+1 -> 1.255 | K99: =G99*H99*I99*J99 -> 3914.1754 | L99: 20 | M99: 1.3 | N99: =1+6*L99/(L99+2000)+M99 -> 2.3594059 | O99: 0 | P99: 0.93 | Q99: 2.3 | R99: =1+P99*Q99 -> 3.139 | S99: 1.15 | T99: 1 | U99: =(K99*N99+O99)*R99*S99*T99 -> 33337.43
F100: e3 | G100: =189+2604 -> 2793 | H100: 0.7295 | I100: 1.28 | J100: =17*0.015+1 -> 1.255 | K100: =G100*H100*I100*J100 -> 3273.0296 | L100: 20 | M100: 1.3 | N100: =1+6*L100/(L100+2000)+M100 -> 2.3594059 | O100: 0 | P100: 0.93 | Q100: 2.3 | R100: =1+P100*Q100 -> 3.139 | S100: 1.15 | T100: 1 | U100: =(K100*N100+O100)*R100*S100*T100 -> 27876.725
F101: e4 | G101: =189+2604 -> 2793 | H101: 0.8724 | I101: 1.28 | J101: =17*0.015+1 -> 1.255 | K101: =G101*H101*I101*J101 -> 3914.1754 | L101: 20 | M101: 1.3 | N101: =1+6*L101/(L101+2000)+M101 -> 2.3594059 | O101: 0 | P101: 0.93 | Q101: 2.3 | R101: =1+P101*Q101 -> 3.139 | S101: 1.15 | T101: 1 | U101: =(K101*N101+O101)*R101*S101*T101 -> 33337.43
F102: e5 | G102: =189+2604 -> 2793 | H102: 0.7295 | I102: 1.28 | J102: =17*0.015+1 -> 1.255 | K102: =G102*H102*I102*J102 -> 3273.0296 | L102: 20 | M102: 1.3 | N102: =1+6*L102/(L102+2000)+M102 -> 2.3594059 | O102: 0 | P102: 0.93 | Q102: 2.3 | R102: =1+P102*Q102 -> 3.139 | S102: 1.15 | T102: 1 | U102: =(K102*N102+O102)*R102*S102*T102 -> 27876.725
F103: e6 | G103: =189+2604 -> 2793 | H103: 0.8724 | I103: 1.28 | J103: =17*0.015+1 -> 1.255 | K103: =G103*H103*I103*J103 -> 3914.1754 | L103: 20 | M103: 1.3 | N103: =1+6*L103/(L103+2000)+M103 -> 2.3594059 | O103: 0 | P103: 0.93 | Q103: 2.3 | R103: =1+P103*Q103 -> 3.139 | S103: 1.15 | T103: 1 | U103: =(K103*N103+O103)*R103*S103*T103 -> 33337.43
F104: e7 | G104: =189+2604 -> 2793 | H104: 0.7295 | I104: 1.28 | J104: =17*0.015+1 -> 1.255 | K104: =G104*H104*I104*J104 -> 3273.0296 | L104: 20 | M104: 1.3 | N104: =1+6*L104/(L104+2000)+M104 -> 2.3594059 | O104: 0 | P104: 0.93 | Q104: 2.3 | R104: =1+P104*Q104 -> 3.139 | S104: 0.9 | T104: 1 | U104: =(K104*N104+O104)*R104*S104*T104 -> 21816.567
F105: e8 | G105: =189+2604 -> 2793 | H105: 0.8724 | I105: 1.28 | J105: =17*0.015+1 -> 1.255 | K105: =G105*H105*I105*J105 -> 3914.1754 | L105: 20 | M105: 1.3 | N105: =1+6*L105/(L105+2000)+M105 -> 2.3594059 | O105: 0 | P105: 0.93 | Q105: 2.3 | R105: =1+P105*Q105 -> 3.139 | S105: 0.9 | T105: 1 | U105: =(K105*N105+O105)*R105*S105*T105 -> 26090.162
F106: e9 | G106: 2604 | H106: 0.7295 | I106: 1.28 | J106: 1.24 | K106: =G106*H106*I106*J106 -> 3015.0737 | L106: 20 | M106: 0.8 | N106: =1+6*L106/(L106+2000)+M106 -> 1.8594059 | O106: 0 | P106: 0.93 | Q106: 2.3 | R106: =1+P106*Q106 -> 3.139 | S106: 0.9 | T106: 1 | U106: =(K106*N106+O106)*R106*S106*T106 -> 15838.205
G108: 攻击力 | H108: 倍率 | I108: 独立 | J108: 独立 | K108: 基础乘区 | L108: 冰增伤 | M108: 暴击率 | N108: 爆伤 | O108: 暴击乘区 | P108: 抗性系数 | Q108: 单次伤害 | R108: 次数 | S108: 单总伤 | T108: 总伤
G109: =G96 -> 2604 | H109: 1.9454 | I109: 1 | J109: 1 | K109: =G109*H109*I109*J109 -> 5065.8216 | L109: 1 | M109: 0.93 | N109: 2.3 | O109: =1+M109*N109 -> 3.139 | P109: 0.9 | Q109: =K109*L109*O109*P109 -> 14311.453 | R109: 1 | S109: =Q109*R109 -> 14311.453 | T109: =SUM(S109:S110) -> 136818.63
G110: =G101 -> 2793 | H110: 1.7251 | I110: 1 | J110: 1 | K110: =G110*H110*I110*J110 -> 4818.2043 | L110: 1 | M110: 0.93 | N110: 2.3 | O110: =1+M110*N110 -> 3.139 | P110: 0.9 | Q110: =K110*L110*O110*P110 -> 13611.909 | R110: 9 | S110: =Q110*R110 -> 122507.18
F112: 冰涡
G113: 反应系数 | H113: 冰系数 | I113: 基础系数 | J113: 精通 | K113: 星扩增 | L113: 精通乘区 | M113: 暴击率 | N113: 爆伤 | O113: 暴击乘区 | P113: 抗性系数 | Q113: 擢升 | R113: 权重 | S113: xp伤害 | T113: 触发次数 | U113: 总伤
F114: p1 | G114: 1446.85 | H114: 2 | I114: 1.28 | J114: 200 | K114: 2.68 | L114: =1+6*J114/(J114+2000)+K114 -> 4.2254545 | M114: 0.85 | N114: 2.22 | O114: =1+M114*N114 -> 2.887 | P114: 1.15 | Q114: 1 | R114: 0.6 | S114: =G114*H114*I114*L114*O114*P114*Q114*R114 -> 31176.889 | T114: 2 | U114: =T116*T114 -> 79094.496
...

Sheet 2+1桑0奥 
A1: 2＋1桑多涅0＋星峰剑奥c6布0七 | F1: mc | G1: 攻击力 | H1: 倍率 | I1: 基础系数 | J1: 独立 | K1: 基础乘区 | L1: 精通 | M1: 星扩增 | N1: 精通乘区 | O1: 羽毛 | P1: 暴击率 | Q1: 爆伤 | R1: 暴击乘区 | S1: 抗性系数 | T1: 擢升 | U1: 单次伤害 | V1: 总伤
A2: 统计 | B2: DMG | C2: DPS | D2: 轴长 | F2: z | G2: =3199+488+203 -> 3890 | H2: 2.4225 | I2: 1.28 | J2: 1 | K2: =G2*H2*I2*J2 -> 12062.112 | L2: 200 | M2: 2.23 | N2: =1+6*L2/(L2+2000)+M2 -> 3.7754545 | O2: 0 | P2: 0.85 | Q2: 2.62 | R2: =1+P2*Q2 -> 3.227 | S2: 1.15 | T2: 1 | U2: =(K2*N2+O2)*R2*S2*T2 -> 169001.05 | V2: =SUM(U2:U16) -> 2932736.2
B3: =B5+B7+B9 -> 4117862.6 | C3: =B3/D3 -> 191528.49 | D3: 21.5 | F3: z | G3: =3199+488+203 -> 3890 | H3: 2.4225 | I3: 1.28 | J3: 1 | K3: =G3*H3*I3*J3 -> 12062.112 | L3: 200 | M3: 2.38 | N3: =1+6*L3/(L3+2000)+M3 -> 3.9254545 | O3: 0 | P3: 0.85 | Q3: 2.82 | R3: =1+P3*Q3 -> 3.397 | S3: 1.15 | T3: 1 | U3: =(K3*N3+O3)*R3*S3*T3 -> 184972.3
B4: 桑多涅总伤 | C4: 占比 | F4: z | G4: =3199+488+203 -> 3890 | H4: 2.4225 | I4: 1.28 | J4: 1 | K4: =G4*H4*I4*J4 -> 12062.112 | L4: 200 | M4: 2.38 | N4: =1+6*L4/(L4+2000)+M4 -> 3.9254545 | O4: 0 | P4: 0.85 | Q4: 3.02 | R4: =1+P4*Q4 -> 3.567 | S4: 1.15 | T4: 1 | U4: =(K4*N4+O4)*R4*S4*T4 -> 194229.08
B5: =V2+T19 -> 3339481.5 | C5: =B5/B3 -> 0.81097447 | F5: z | G5: =3199+488+203 -> 3890 | H5: 2.4225 | I5: 1.28 | J5: 1 | K5: =G5*H5*I5*J5 -> 12062.112 | L5: 200 | M5: 2.38 | N5: =1+6*L5/(L5+2000)+M5 -> 3.9254545 | O5: 0 | P5: 0.85 | Q5: 3.22 | R5: =1+P5*Q5 -> 3.737 | S5: 1.15 | T5: 1 | U5: =(K5*N5+O5)*R5*S5*T5 -> 203485.87
B6: 奥黛塔总伤 | C6: 占比 | F6: z | G6: =3199+488+203 -> 3890 | H6: 2.4225 | I6: 1.28 | J6: 1 | K6: =G6*H6*I6*J6 -> 12062.112 | L6: 200 | M6: 2.38 | N6: =1+6*L6/(L6+2000)+M6 -> 3.9254545 | O6: 0 | P6: 0.85 | Q6: 3.22 | R6: =1+P6*Q6 -> 3.737 | S6: 1.15 | T6: 1 | U6: =(K6*N6+O6)*R6*S6*T6 -> 203485.87
B7: =V27+T39 -> 586299.57 | C7: =B7/B3 -> 0.14237959 | F7: z | G7: =3199+488+203 -> 3890 | H7: 2.4225 | I7: 1.28 | J7: 1 | K7: =G7*H7*I7*J7 -> 12062.112 | L7: 200 | M7: 2.38 | N7: =1+6*L7/(L7+2000)+M7 -> 3.9254545 | O7: 0 | P7: 0.85 | Q7: 3.22 | R7: =1+P7*Q7 -> 3.737 | S7: 1.15 | T7: 1 | U7: =(K7*N7+O7)*R7*S7*T7 -> 203485.87
B8: 反应伤害 | C8: 占比 | F8: q | G8: =3199+488+203 -> 3890 | H8: 5.9544 | I8: 1.28 | J8: 2 | K8: =G8*H8*I8*J8 -> 59296.297 | L8: 200 | M8: 2.38 | N8: =1+6*L8/(L8+2000)+M8 -> 3.9254545 | O8: 0 | P8: 0.85 | Q8: 2.22 | R8: =1+P8*Q8 -> 2.887 | S8: 1.15 | T8: 1 | U8: =(K8*N8+O8)*R8*S8*T8 -> 772791.17
B9: =U44+U50+U56+U62 -> 192081.61 | C9: =B9/B3 -> 0.046645948 | F9: e | G9: =3199+488+203 -> 3890 | H9: 0.5832 | I9: 1.28 | J9: 4 | K9: =G9*H9*I9*J9 -> 11615.478 | L9: 200 | M9: 2.38 | N9: =1+6*L9/(L9+2000)+M9 -> 3.9254545 | O9: 0 | P9: 0.85 | Q9: 2.22 | R9: =1+P9*Q9 -> 2.887 | S9: 1.15 | T9: 1 | U9: =(K9*N9+O9)*R9*S9*T9 -> 151381.1
F10: z | G10: =3199+488+203 -> 3890 | H10: 2.4225 | I10: 1.28 | J10: 1 | K10: =G10*H10*I10*J10 -> 12062.112 | L10: 200 | M10: 2.38 | N10: =1+6*L10/(L10+2000)+M10 -> 3.9254545 | O10: 0 | P10: 0.85 | Q10: 2.62 | R10: =1+P10*Q10 -> 3.227 | S10: 0.9 | T10: 1 | U10: =(K10*N10+O10)*R10*S10*T10 -> 137516.49
F11: z | G11: =3199+203 -> 3402 | H11: 2.4225 | I11: 1.28 | J11: 1 | K11: =G11*H11*I11*J11 -> 10548.922 | L11: 200 | M11: 2.38 | N11: =1+6*L11/(L11+2000)+M11 -> 3.9254545 | O11: 0 | P11: 0.85 | Q11: 2.82 | R11: =1+P11*Q11 -> 3.397 | S11: 0.9 | T11: 1 | U11: =(K11*N11+O11)*R11*S11*T11 -> 126600.69
F12: z | G12: =3199+203 -> 3402 | H12: 2.4225 | I12: 1.28 | J12: 1 | K12: =G12*H12*I12*J12 -> 10548.922 | L12: 200 | M12: 2.38 | N12: =1+6*L12/(L12+2000)+M12 -> 3.9254545 | O12: 0 | P12: 0.85 | Q12: 3.02 | R12: =1+P12*Q12 -> 3.567 | S12: 0.9 | T12: 1 | U12: =(K12*N12+O12)*R12*S12*T12 -> 132936.32
F13: z | G13: =3199+203 -> 3402 | H13: 2.4225 | I13: 1.28 | J13: 1 | K13: =G13*H13*I13*J13 -> 10548.922 | L13: 200 | M13: 2.38 | N13: =1+6*L13/(L13+2000)+M13 -> 3.9254545 | O13: 0 | P13: 0.85 | Q13: 3.22 | R13: =1+P13*Q13 -> 3.737 | S13: 0.9 | T13: 1 | U13: =(K13*N13+O13)*R13*S13*T13 -> 139271.94
F14: z | G14: =3199 -> 3199 | H14: 2.4225 | I14: 1.28 | J14: 1 | K14: =G14*H14*I14*J14 -> 9919.4592 | L14: 200 | M14: 1.88 | N14: =1+6*L14/(L14+2000)+M14 -> 3.4254545 | O14: 0 | P14: 0.85 | Q14: 3.22 | R14: =1+P14*Q14 -> 3.737 | S14: 0.9 | T14: 1 | U14: =(K14*N14+O14)*R14*S14*T14 -> 114280.42
F15: z | G15: =3199 -> 3199 | H15: 2.4225 | I15: 1.28 | J15: 1 | K15: =G15*H15*I15*J15 -> 9919.4592 | L15: 200 | M15: 1.88 | N15: =1+6*L15/(L15+2000)+M15 -> 3.4254545 | O15: 0 | P15: 0.85 | Q15: 3.22 | R15: =1+P15*Q15 -> 3.737 | S15: 0.9 | T15: 1 | U15: =(K15*N15+O15)*R15*S15*T15 -> 114280.42
F16: e | G16: =3199 -> 3199 | H16: 0.5832 | I16: 1.28 | J16: 4 | K16: =G16*H16*I16*J16 -> 9552.1628 | L16: 200 | M16: 1.88 | N16: =1+6*L16/(L16+2000)+M16 -> 3.4254545 | O16: 0 | P16: 0.85 | Q16: 2.22 | R16: =1+P16*Q16 -> 2.887 | S16: 0.9 | T16: 1 | U16: =(K16*N16+O16)*R16*S16*T16 -> 85017.674
G18: 攻击力 | H18: 倍率 | I18: 独立 | J18: 独立 | K18: 基础乘区 | L18: 冰增伤 | M18: 暴击率 | N18: 爆伤 | O18: 暴击乘区 | P18: 抗性系数 | Q18: 单次伤害 | R18: 次数 | S18: 单总伤 | T18: 总伤
G19: =3199+488+203 -> 3890 | H19: 0.85 | I19: 1 | J19: 1 | K19: =G19*H19*I19*J19 -> 3306.5 | L19: 1 | M19: 0.85 | N19: 2.22 | O19: =1+M19*N19 -> 2.887 | P19: 1.15 | Q19: =K19*L19*O19*P19 -> 10977.745 | R19: 18 | S19: =Q19*R19 -> 197599.42 | T19: =SUM(S19:S25) -> 406745.21
G20: =3199+488+203 -> 3890 | H20: 1.5879 | I20: 3 | J20: 1 | K20: =G20*H20*I20*J20 -> 18530.793 | L20: 1 | M20: 0.85 | N20: 2.22 | O20: =1+M20*N20 -> 2.887 | P20: 1.15 | Q20: =K20*L20*O20*P20 -> 61523.159 | R20: 1 | S20: =Q20*R20 -> 61523.159
G21: =3199+488+203 -> 3890 | H21: 0.5832 | I21: 1 | J21: 1 | K21: =G21*H21*I21*J21 -> 2268.648 | L21: 1 | M21: 0.85 | N21: 2.22 | O21: =1+M21*N21 -> 2.887 | P21: 1.15 | Q21: =K21*L21*O21*P21 -> 7532.0248 | R21: 1 | S21: =Q21*R21 -> 7532.0248
G22: =G11 -> 3402 | H22: 0.85 | I22: 1 | J22: 1 | K22: =G22*H22*I22*J22 -> 2891.7 | L22: 1 | M22: 0.85 | N22: 2.22 | O22: =1+M22*N22 -> 2.887 | P22: 0.9 | Q22: =K22*L22*O22*P22 -> 7513.5041 | R22: 18 | S22: =Q22*R22 -> 135243.07
G23: =G16 -> 3199 | H23: 0.5832 | I23: 1 | J23: 1 | K23: =G23*H23*I23*J23 -> 1865.6568 | L23: 1 | M23: 0.85 | N23: 2.22 | O23: =1+M23*N23 -> 2.887 | P23: 0.9 | Q23: =K23*L23*O23*P23 -> 4847.5361 | R23: 1 | S23: =Q23*R23 -> 4847.5361
F25: 奥黛塔
F26: mc | G26: 攻击力 | H26: 倍率 | I26: 基础系数 | J26: 独立 | K26: 基础乘区 | L26: 精通 | M26: 星扩增 | N26: 精通乘区 | O26: 羽毛 | P26: 暴击率 | Q26: 爆伤 | R26: 暴击乘区 | S26: 抗性系数 | T26: 擢升 | U26: 单次伤害 | V26: 总伤
F27: ee | G27: 2604 | H27: 8.2555 | I27: 1.28 | J27: =16*0.015+1 -> 1.24 | K27: =G27*H27*I27*J27 -> 34120.549 | L27: 20 | M27: 1.1 | N27: =1+6*L27/(L27+2000)+M27 -> 2.1594059 | O27: 0 | P27: 0.93 | Q27: 2.3 | R27: =1+P27*Q27 -> 3.139 | S27: 0.9 | T27: 1 | U27: =(K27*N27+O27)*R27*S27*T27 -> 208153.7 | V27: =SUM(U27:U36) -> 449480.94
F28: e1 | G28: =189+2604 -> 2793 | H28: 0.7295 | I28: 1.28 | J28: =17*0.015+1 -> 1.255 | K28: =G28*H28*I28*J28 -> 3273.0296 | L28: 20 | M28: 1.3 | N28: =1+6*L28/(L28+2000)+M28 -> 2.3594059 | O28: 0 | P28: 0.93 | Q28: 2.3 | R28: =1+P28*Q28 -> 3.139 | S28: 0.9 | T28: 1 | U28: =(K28*N28+O28)*R28*S28*T28 -> 21816.567
F29: e2 | G29: =189+2604 -> 2793 | H29: 0.8724 | I29: 1.28 | J29: =17*0.015+1 -> 1.255 | K29: =G29*H29*I29*J29 -> 3914.1754 | L29: 20 | M29: 1.3 | N29: =1+6*L29/(L29+2000)+M29 -> 2.3594059 | O29: 0 | P29: 0.93 | Q29: 2.3 | R29: =1+P29*Q29 -> 3.139 | S29: 1.15 | T29: 1 | U29: =(K29*N29+O29)*R29*S29*T29 -> 33337.43
F30: e3 | G30: =189+2604 -> 2793 | H30: 0.7295 | I30: 1.28 | J30: =17*0.015+1 -> 1.255 | K30: =G30*H30*I30*J30 -> 3273.0296 | L30: 20 | M30: 1.3 | N30: =1+6*L30/(L30+2000)+M30 -> 2.3594059 | O30: 0 | P30: 0.93 | Q30: 2.3 | R30: =1+P30*Q30 -> 3.139 | S30: 1.15 | T30: 1 | U30: =(K30*N30+O30)*R30*S30*T30 -> 27876.725
F31: e4 | G31: =189+2604 -> 2793 | H31: 0.8724 | I31: 1.28 | J31: =17*0.015+1 -> 1.255 | K31: =G31*H31*I31*J31 -> 3914.1754 | L31: 20 | M31: 1.3 | N31: =1+6*L31/(L31+2000)+M31 -> 2.3594059 | O31: 0 | P31: 0.93 | Q31: 2.3 | R31: =1+P31*Q31 -> 3.139 | S31: 1.15 | T31: 1 | U31: =(K31*N31+O31)*R31*S31*T31 -> 33337.43
F32: e5 | G32: =189+2604 -> 2793 | H32: 0.7295 | I32: 1.28 | J32: =17*0.015+1 -> 1.255 | K32: =G32*H32*I32*J32 -> 3273.0296 | L32: 20 | M32: 1.3 | N32: =1+6*L32/(L32+2000)+M32 -> 2.3594059 | O32: 0 | P32: 0.93 | Q32: 2.3 | R32: =1+P32*Q32 -> 3.139 | S32: 1.15 | T32: 1 | U32: =(K32*N32+O32)*R32*S32*T32 -> 27876.725
F33: e6 | G33: =189+2604 -> 2793 | H33: 0.8724 | I33: 1.28 | J33: =17*0.015+1 -> 1.255 | K33: =G33*H33*I33*J33 -> 3914.1754 | L33: 20 | M33: 1.3 | N33: =1+6*L33/(L33+2000)+M33 -> 2.3594059 | O33: 0 | P33: 0.93 | Q33: 2.3 | R33: =1+P33*Q33 -> 3.139 | S33: 1.15 | T33: 1 | U33: =(K33*N33+O33)*R33*S33*T33 -> 33337.43
F34: e7 | G34: =189+2604 -> 2793 | H34: 0.7295 | I34: 1.28 | J34: =17*0.015+1 -> 1.255 | K34: =G34*H34*I34*J34 -> 3273.0296 | L34: 20 | M34: 1.3 | N34: =1+6*L34/(L34+2000)+M34 -> 2.3594059 | O34: 0 | P34: 0.93 | Q34: 2.3 | R34: =1+P34*Q34 -> 3.139 | S34: 0.9 | T34: 1 | U34: =(K34*N34+O34)*R34*S34*T34 -> 21816.567
F35: e8 | G35: =189+2604 -> 2793 | H35: 0.8724 | I35: 1.28 | J35: =17*0.015+1 -> 1.255 | K35: =G35*H35*I35*J35 -> 3914.1754 | L35: 20 | M35: 1.3 | N35: =1+6*L35/(L35+2000)+M35 -> 2.3594059 | O35: 0 | P35: 0.93 | Q35: 2.3 | R35: =1+P35*Q35 -> 3.139 | S35: 0.9 | T35: 1 | U35: =(K35*N35+O35)*R35*S35*T35 -> 26090.162
F36: e9 | G36: 2604 | H36: 0.7295 | I36: 1.28 | J36: 1.24 | K36: =G36*H36*I36*J36 -> 3015.0737 | L36: 20 | M36: 0.8 | N36: =1+6*L36/(L36+2000)+M36 -> 1.8594059 | O36: 0 | P36: 0.93 | Q36: 2.3 | R36: =1+P36*Q36 -> 3.139 | S36: 0.9 | T36: 1 | U36: =(K36*N36+O36)*R36*S36*T36 -> 15838.205
G38: 攻击力 | H38: 倍率 | I38: 独立 | J38: 独立 | K38: 基础乘区 | L38: 冰增伤 | M38: 暴击率 | N38: 爆伤 | O38: 暴击乘区 | P38: 抗性系数 | Q38: 单次伤害 | R38: 次数 | S38: 单总伤 | T38: 总伤
G39: =G27 -> 2604 | H39: 1.9454 | I39: 1 | J39: 1 | K39: =G39*H39*I39*J39 -> 5065.8216 | L39: 1 | M39: 0.93 | N39: 2.3 | O39: =1+M39*N39 -> 3.139 | P39: 0.9 | Q39: =K39*L39*O39*P39 -> 14311.453 | R39: 1 | S39: =Q39*R39 -> 14311.453 | T39: =SUM(S39:S40) -> 136818.63
G40: =G31 -> 2793 | H40: 1.7251 | I40: 1 | J40: 1 | K40: =G40*H40*I40*J40 -> 4818.2043 | L40: 1 | M40: 0.93 | N40: 2.3 | O40: =1+M40*N40 -> 3.139 | P40: 0.9 | Q40: =K40*L40*O40*P40 -> 13611.909 | R40: 9 | S40: =Q40*R40 -> 122507.18
F42: 冰涡
G43: 反应系数 | H43: 冰系数 | I43: 基础系数 | J43: 精通 | K43: 星扩增 | L43: 精通乘区 | M43: 暴击率 | N43: 爆伤 | O43: 暴击乘区 | P43: 抗性系数 | Q43: 擢升 | R43: 权重 | S43: xp伤害 | T43: 触发次数 | U43: 总伤
F44: p1 | G44: 1446.85 | H44: 2 | I44: 1.28 | J44: 200 | K44: 2.38 | L44: =1+6*J44/(J44+2000)+K44 -> 3.9254545 | M44: 0.85 | N44: 2.22 | O44: =1+M44*N44 -> 2.887 | P44: 1.15 | Q44: 1 | R44: 0.6 | S44: =G44*H44*I44*L44*O44*P44*Q44*R44 -> 28963.384 | T44: 2 | U44: =T46*T44 -> 73393.794
F45: p2 | G45: 1446.85 | H45: 2 | I45: 1.28 | J45: 0 | K45: 1.9 | L45: =1+6*J45/(J45+2000)+K45 -> 2.9 | M45: 0.5 | N45: 1.5 | O45: =1+M45*N45 -> 1.75 | P45: 0.9 | Q45: 1 | R45: 0.3 | S45: =G45*H45*I45*L45*O45*P45*Q45*R45 -> 5075.3183 | T45: 单次伤害
F46: p3 | G46: 1446.85 | H46: 2 | I46: 1.28 | J46: 20 | K46: 1.3 | L46: =1+6*J46/(J46+2000)+K46 -> 2.3594059 | M46: 0.93 | N46: 2.3 | O46: =1+M46*N46 -> 3.139 | P46: 1.15 | Q46: 1 | R46: 0.05 | S46: =G46*H46*I46*L46*O46*P46*Q46*R46 -> 1577.3399 | T46: =SUM(S44:S47) -> 36696.897
F47: p4 | G47: 1446.85 | H47: 2 | I47: 1.28 | J47: 0 | K47: 1.9 | L47: =1+6*J47/(J47+2000)+K47 -> 2.9 | M47: 0.5 | N47: 1.5 | O47: =1+M47*N47 -> 1.75 | P47: 1.15 | Q47: 1 | R47: 0.05 | S47: =G47*H47*I47*L47*O47*P47*Q47*R47 -> 1080.8548
G49: 反应系数 | H49: 冰系数 | I49: 基础系数 | J49: 精通 | K49: 星扩增 | L49: 精通乘区 | M49: 暴击率 | N49: 爆伤 | O49: 暴击乘区 | P49: 抗性系数 | Q49: 擢升 | R49: 权重 | S49: xp伤害 | T49: 触发次数 | U49: 总伤
F50: p1 | G50: 1446.85 | H50: 2 | I50: 1.28 | J50: 200 | K50: 2.38 | L50: =1+6*J50/(J50+2000)+K50 -> 3.9254545 | M50: 0.85 | N50: 2.22 | O50: =1+M50*N50 -> 2.887 | P50: 0.9 | Q50: 1 | R50: 0.6 | S50: =G50*H50*I50*L50*O50*P50*Q50*R50 -> 22666.996 | T50: 2 | U50: =T52*T50 -> 59645.282
F51: p2 | G51: 1446.85 | H51: 2 | I51: 1.28 | J51: 0 | K51: 1.9 | L51: =1+6*J51/(J51+2000)+K51 -> 2.9 | M51: 0.5 | N51: 1.5 | O51: =1+M51*N51 -> 1.75 | P51: 0.9 | Q51: 1 | R51: 0.3 | S51: =G51*H51*I51*L51*O51*P51*Q51*R51 -> 5075.3183 | T51: 单次伤害
F52: p3 | G52: 1446.85 | H52: 2 | I52: 1.28 | J52: 20 | K52: 1.3 | L52: =1+6*J52/(J52+2000)+K52 -> 2.3594059 | M52: 0.93 | N52: 2.3 | O52: =1+M52*N52 -> 3.139 | P52: 0.9 | Q52: 1 | R52: 0.05 | S52: =G52*H52*I52*L52*O52*P52*Q52*R52 -> 1234.44 | T52: =SUM(S50:S53) -> 29822.641
F53: p4 | G53: 1446.85 | H53: 2 | I53: 1.28 | J53: 0 | K53: 1.9 | L53: =1+6*J53/(J53+2000)+K53 -> 2.9 | M53: 0.5 | N53: 1.5 | O53: =1+M53*N53 -> 1.75 | P53: 0.9 | Q53: 1 | R53: 0.05 | S53: =G53*H53*I53*L53*O53*P53*Q53*R53 -> 845.88638
F54: 风涡
G55: 反应系数 | H55: 风系数 | I55: 基础系数 | J55: 精通 | K55: 星扩增 | L55: 精通乘区 | M55: 暴击率 | N55: 爆伤 | O55: 暴击乘区 | P55: 抗性系数 | Q55: 擢升 | R55: 权重 | S55: xp伤害 | T55: 触发次数 | U55: 总伤
F56: p1 | G56: 1446.85 | H56: 0.75 | I56: 1.28 | J56: 0 | K56: 1.9 | L56: =1+6*J56/(J56+2000)+K56 -> 2.9 | M56: 0.5 | N56: 1.5 | O56: =1+M56*N56 -> 1.75 | P56: 0.9 | Q56: 1 | R56: 0.6 | S56: =G56*H56*I56*L56*O56*P56*Q56*R56 -> 3806.4887 | T56: 4 | U56: =T58*T56 -> 40935.785
F57: p2 | G57: 1446.85 | H57: 0.75 | I57: 1.28 | J57: 200 | K57: 2.38 | L57: =1+6*J57/(J57+2000)+K57 -> 3.9254545 | M57: 0.85 | N57: 2.22 | O57: =1+M57*N57 -> 2.887 | P57: 1.15 | Q57: 1 | R57: 0.3 | S57: =G57*H57*I57*L57*O57*P57*Q57*R57 -> 5430.6345 | T57: 单次伤害
F58: p3 | G58: 1446.85 | H58: 0.75 | I58: 1.28 | J58: 20 | K58: 1.3 | L58: =1+6*J58/(J58+2000)+K58 -> 2.3594059 | M58: 0.93 | N58: 2.3 | O58: =1+M58*N58 -> 3.139 | P58: 1.15 | Q58: 1 | R58: 0.05 | S58: =G58*H58*I58*L58*O58*P58*Q58*R58 -> 591.50248 | T58: =SUM(S56:S59) -> 10233.946
F59: p4 | G59: 1446.85 | H59: 0.75 | I59: 1.28 | J59: 0 | K59: 1.9 | L59: =1+6*J59/(J59+2000)+K59 -> 2.9 | M59: 0.5 | N59: 1.5 | O59: =1+M59*N59 -> 1.75 | P59: 1.15 | Q59: 1 | R59: 0.05 | S59: =G59*H59*I59*L59*O59*P59*Q59*R59 -> 405.32056
G61: 反应系数 | H61: 风系数 | I61: 基础系数 | J61: 精通 | K61: 星扩增 | L61: 精通乘区 | M61: 暴击率 | N61: 爆伤 | O61: 暴击乘区 | P61: 抗性系数 | Q61: 擢升 | R61: 权重 | S61: xp伤害 | T61: 触发次数 | U61: 总伤
F62: p1 | G62: 1446.85 | H62: 0.75 | I62: 1.28 | J62: 0 | K62: 1.9 | L62: =1+6*J62/(J62+2000)+K62 -> 2.9 | M62: 0.5 | N62: 1.5 | O62: =1+M62*N62 -> 1.75 | P62: 0.9 | Q62: 1 | R62: 0.6 | S62: =G62*H62*I62*L62*O62*P62*Q62*R62 -> 3806.4887 | T62: 2 | U62: =T64*T62 -> 18106.747
F63: p2 | G63: 1446.85 | H63: 0.75 | I63: 1.28 | J63: 200 | K63: 2.38 | L63: =1+6*J63/(J63+2000)+K63 -> 3.9254545 | M63: 0.85 | N63: 2.22 | O63: =1+M63*N63 -> 2.887 | P63: 0.9 | Q63: 1 | R63: 0.3 | S63: =G63*H63*I63*L63*O63*P63*Q63*R63 -> 4250.0618 | T63: 单次伤害
F64: p3 | G64: 1446.85 | H64: 0.75 | I64: 1.28 | J64: 20 | K64: 1.3 | L64: =1+6*J64/(J64+2000)+K64 -> 2.3594059 | M64: 0.93 | N64: 2.3 | O64: =1+M64*N64 -> 3.139 | P64: 1.15 | Q64: 1 | R64: 0.05 | S64: =G64*H64*I64*L64*O64*P64*Q64*R64 -> 591.50248 | T64: =SUM(S62:S65) -> 9053.3735
F65: p4 | G65: 1446.85 | H65: 0.75 | I65: 1.28 | J65: 0 | K65: 1.9 | L65: =1+6*J65/(J65+2000)+K65 -> 2.9 | M65: 0.5 | N65: 1.5 | O65: =1+M65*N65 -> 1.75 | P65: 1.15 | Q65: 1 | R65: 0.05 | S65: =G65*H65*I65*L65*O65*P65*Q65*R65 -> 405.32056
A70: 2＋1桑多涅1＋星峰剑奥c6布0七 | F70: mc | G70: 攻击力 | H70: 倍率 | I70: 基础系数 | J70: 独立 | K70: 基础乘区 | L70: 精通 | M70: 星扩增 | N70: 精通乘区 | O70: 羽毛 | P70: 暴击率 | Q70: 爆伤 | R70: 暴击乘区 | S70: 抗性系数 | T70: 擢升 | U70: 单次伤害 | V70: 总伤
A71: 统计 | B71: DMG | C71: DPS | D71: 轴长 | F71: z | G71: =3199+488+203 -> 3890 | H71: 2.4225 | I71: 1.28 | J71: 1 | K71: =G71*H71*I71*J71 -> 12062.112 | L71: 200 | M71: 2.68 | N71: =1+6*L71/(L71+2000)+M71 -> 4.2254545 | O71: 0 | P71: 0.85 | Q71: 2.62 | R71: =1+P71*Q71 -> 3.227 | S71: 1.15 | T71: 1 | U71: =(K71*N71+O71)*R71*S71*T71 -> 189144.45 | V71: =SUM(U71:U85) -> 3167594.2
B72: =B74+B76+B78 -> 4629910.5 | C72: =B72/D72 -> 215344.68 | D72: 21.5 | F72: z | G72: =3199+488+203 -> 3890 | H72: 2.4225 | I72: 1.28 | J72: 1 | K72: =G72*H72*I72*J72 -> 12062.112 | L72: 200 | M72: 2.68 | N72: =1+6*L72/(L72+2000)+M72 -> 4.2254545 | O72: 0 | P72: 0.85 | Q72: 2.82 | R72: =1+P72*Q72 -> 3.397 | S72: 1.15 | T72: 1 | U72: =(K72*N72+O72)*R72*S72*T72 -> 199108.67
B73: 桑多涅总伤 | C73: 占比 | F73: z | G73: =3199+488+203 -> 3890 | H73: 2.4225 | I73: 1.28 | J73: 1 | K73: =G73*H73*I73*J73 -> 12062.112 | L73: 200 | M73: 2.68 | N73: =1+6*L73/(L73+2000)+M73 -> 4.2254545 | O73: 0 | P73: 0.85 | Q73: 3.02 | R73: =1+P73*Q73 -> 3.567 | S73: 1.15 | T73: 1 | U73: =(K73*N73+O73)*R73*S73*T73 -> 209072.9
B74: =V71+T88 -> 3574339.4 | C74: =B74/B72 -> 0.77201046 | F74: z | G74: =3199+488+203 -> 3890 | H74: 2.4225 | I74: 1.28 | J74: 1 | K74: =G74*H74*I74*J74 -> 12062.112 | L74: 200 | M74: 2.68 | N74: =1+6*L74/(L74+2000)+M74 -> 4.2254545 | O74: 0 | P74: 0.85 | Q74: 3.22 | R74: =1+P74*Q74 -> 3.737 | S74: 1.15 | T74: 1 | U74: =(K74*N74+O74)*R74*S74*T74 -> 219037.12
B75: 奥黛塔总伤 | C75: 占比 | F75: z | G75: =3199+488+203 -> 3890 | H75: 2.4225 | I75: 1.28 | J75: 1 | K75: =G75*H75*I75*J75 -> 12062.112 | L75: 200 | M75: 2.68 | N75: =1+6*L75/(L75+2000)+M75 -> 4.2254545 | O75: 0 | P75: 0.85 | Q75: 3.22 | R75: =1+P75*Q75 -> 3.737 | S75: 1.15 | T75: 1 | U75: =(K75*N75+O75)*R75*S75*T75 -> 219037.12
B76: =V96+T109 -> 848175.19 | C76: =B76/B72 -> 0.18319473 | F76: z | G76: =3199+488+203 -> 3890 | H76: 2.4225 | I76: 1.28 | J76: 1 | K76: =G76*H76*I76*J76 -> 12062.112 | L76: 200 | M76: 2.68 | N76: =1+6*L76/(L76+2000)+M76 -> 4.2254545 | O76: 0 | P76: 0.85 | Q76: 3.22 | R76: =1+P76*Q76 -> 3.737 | S76: 1.15 | T76: 1 | U76: =(K76*N76+O76)*R76*S76*T76 -> 219037.12
B77: 反应伤害 | C77: 占比 | F77: q | G77: =3199+488+203 -> 3890 | H77: 5.9544 | I77: 1.28 | J77: 2 | K77: =G77*H77*I77*J77 -> 59296.297 | L77: 200 | M77: 2.68 | N77: =1+6*L77/(L77+2000)+M77 -> 4.2254545 | O77: 0 | P77: 0.85 | Q77: 2.22 | R77: =1+P77*Q77 -> 2.887 | S77: 1.15 | T77: 1 | U77: =(K77*N77+O77)*R77*S77*T77 -> 831851.17
B78: =U114+U120+U126+U132 -> 207395.98 | C78: =B78/B72 -> 0.044794813 | F78: e | G78: =3199+488+203 -> 3890 | H78: 0.5832 | I78: 1.28 | J78: 4 | K78: =G78*H78*I78*J78 -> 11615.478 | L78: 200 | M78: 2.68 | N78: =1+6*L78/(L78+2000)+M78 -> 4.2254545 | O78: 0 | P78: 0.85 | Q78: 2.22 | R78: =1+P78*Q78 -> 2.887 | S78: 1.15 | T78: 1 | U78: =(K78*N78+O78)*R78*S78*T78 -> 162950.29
F79: z | G79: =3199+488+203 -> 3890 | H79: 2.4225 | I79: 1.28 | J79: 1 | K79: =G79*H79*I79*J79 -> 12062.112 | L79: 200 | M79: 2.68 | N79: =1+6*L79/(L79+2000)+M79 -> 4.2254545 | O79: 0 | P79: 0.85 | Q79: 2.62 | R79: =1+P79*Q79 -> 3.227 | S79: 0.9 | T79: 1 | U79: =(K79*N79+O79)*R79*S79*T79 -> 148026.09
F80: z | G80: =3199+203 -> 3402 | H80: 2.4225 | I80: 1.28 | J80: 1 | K80: =G80*H80*I80*J80 -> 10548.922 | L80: 200 | M80: 2.68 | N80: =1+6*L80/(L80+2000)+M80 -> 4.2254545 | O80: 0 | P80: 0.85 | Q80: 2.82 | R80: =1+P80*Q80 -> 3.397 | S80: 0.9 | T80: 1 | U80: =(K80*N80+O80)*R80*S80*T80 -> 136276.06
F81: z | G81: =3199+203 -> 3402 | H81: 2.4225 | I81: 1.28 | J81: 1 | K81: =G81*H81*I81*J81 -> 10548.922 | L81: 200 | M81: 2.68 | N81: =1+6*L81/(L81+2000)+M81 -> 4.2254545 | O81: 0 | P81: 0.85 | Q81: 3.02 | R81: =1+P81*Q81 -> 3.567 | S81: 0.9 | T81: 1 | U81: =(K81*N81+O81)*R81*S81*T81 -> 143095.88
F82: z | G82: =3199+203 -> 3402 | H82: 2.4225 | I82: 1.28 | J82: 1 | K82: =G82*H82*I82*J82 -> 10548.922 | L82: 200 | M82: 2.68 | N82: =1+6*L82/(L82+2000)+M82 -> 4.2254545 | O82: 0 | P82: 0.85 | Q82: 3.22 | R82: =1+P82*Q82 -> 3.737 | S82: 0.9 | T82: 1 | U82: =(K82*N82+O82)*R82*S82*T82 -> 149915.7
F83: z | G83: =3199 -> 3199 | H83: 2.4225 | I83: 1.28 | J83: 1 | K83: =G83*H83*I83*J83 -> 9919.4592 | L83: 200 | M83: 2.18 | N83: =1+6*L83/(L83+2000)+M83 -> 3.7254545 | O83: 0 | P83: 0.85 | Q83: 3.22 | R83: =1+P83*Q83 -> 3.737 | S83: 0.9 | T83: 1 | U83: =(K83*N83+O83)*R83*S83*T83 -> 124289.05
F84: z | G84: =3199 -> 3199 | H84: 2.4225 | I84: 1.28 | J84: 1 | K84: =G84*H84*I84*J84 -> 9919.4592 | L84: 200 | M84: 2.18 | N84: =1+6*L84/(L84+2000)+M84 -> 3.7254545 | O84: 0 | P84: 0.85 | Q84: 3.22 | R84: =1+P84*Q84 -> 3.737 | S84: 0.9 | T84: 1 | U84: =(K84*N84+O84)*R84*S84*T84 -> 124289.05
F85: e | G85: =3199 -> 3199 | H85: 0.5832 | I85: 1.28 | J85: 4 | K85: =G85*H85*I85*J85 -> 9552.1628 | L85: 200 | M85: 2.18 | N85: =1+6*L85/(L85+2000)+M85 -> 3.7254545 | O85: 0 | P85: 0.85 | Q85: 2.22 | R85: =1+P85*Q85 -> 2.887 | S85: 0.9 | T85: 1 | U85: =(K85*N85+O85)*R85*S85*T85 -> 92463.489
G87: 攻击力 | H87: 倍率 | I87: 独立 | J87: 独立 | K87: 基础乘区 | L87: 冰增伤 | M87: 暴击率 | N87: 爆伤 | O87: 暴击乘区 | P87: 抗性系数 | Q87: 单次伤害 | R87: 次数 | S87: 单总伤 | T87: 总伤
G88: =3199+488+203 -> 3890 | H88: 0.85 | I88: 1 | J88: 1 | K88: =G88*H88*I88*J88 -> 3306.5 | L88: 1 | M88: 0.85 | N88: 2.22 | O88: =1+M88*N88 -> 2.887 | P88: 1.15 | Q88: =K88*L88*O88*P88 -> 10977.745 | R88: 18 | S88: =Q88*R88 -> 197599.42 | T88: =SUM(S88:S94) -> 406745.21
G89: =3199+488+203 -> 3890 | H89: 1.5879 | I89: 3 | J89: 1 | K89: =G89*H89*I89*J89 -> 18530.793 | L89: 1 | M89: 0.85 | N89: 2.22 | O89: =1+M89*N89 -> 2.887 | P89: 1.15 | Q89: =K89*L89*O89*P89 -> 61523.159 | R89: 1 | S89: =Q89*R89 -> 61523.159
G90: =3199+488+203 -> 3890 | H90: 0.5832 | I90: 1 | J90: 1 | K90: =G90*H90*I90*J90 -> 2268.648 | L90: 1 | M90: 0.85 | N90: 2.22 | O90: =1+M90*N90 -> 2.887 | P90: 1.15 | Q90: =K90*L90*O90*P90 -> 7532.0248 | R90: 1 | S90: =Q90*R90 -> 7532.0248
G91: =G80 -> 3402 | H91: 0.85 | I91: 1 | J91: 1 | K91: =G91*H91*I91*J91 -> 2891.7 | L91: 1 | M91: 0.85 | N91: 2.22 | O91: =1+M91*N91 -> 2.887 | P91: 0.9 | Q91: =K91*L91*O91*P91 -> 7513.5041 | R91: 18 | S91: =Q91*R91 -> 135243.07
G92: =G85 -> 3199 | H92: 0.5832 | I92: 1 | J92: 1 | K92: =G92*H92*I92*J92 -> 1865.6568 | L92: 1 | M92: 0.85 | N92: 2.22 | O92: =1+M92*N92 -> 2.887 | P92: 0.9 | Q92: =K92*L92*O92*P92 -> 4847.5361 | R92: 1 | S92: =Q92*R92 -> 4847.5361
F94: 奥黛塔
F95: mc | G95: 攻击力 | H95: 倍率 | I95: 基础系数 | J95: 独立 | K95: 基础乘区 | L95: 精通 | M95: 星扩增 | N95: 精通乘区 | O95: 羽毛 | P95: 暴击率 | Q95: 爆伤 | R95: 暴击乘区 | S95: 抗性系数 | T95: 擢升 | U95: 单次伤害 | V95: 总伤
F96: ee | G96: 2604 | H96: 8.2555 | I96: 1.28 | J96: =16*0.015+1 -> 1.24 | K96: =G96*H96*I96*J96 -> 34120.549 | L96: 20 | M96: 1.4 | N96: =1+6*L96/(L96+2000)+M96 -> 2.4594059 | O96: 0 | P96: 0.93 | Q96: 2.3 | R96: =1+P96*Q96 -> 3.139 | S96: 0.9 | T96: 1 | U96: =(K96*N96+O96)*R96*S96*T96 -> 237071.89 | V96: =SUM(U96:U106) -> 711356.56
G97: 2604 | H97: 4.5 | I97: 2.28 | J97: =16*0.015+1 -> 1.24 | K97: =G97*H97*I97*J97 -> 33129.13 | L97: 20 | M97: 1.4 | N97: =1+6*L97/(L97+2000)+M97 -> 2.4594059 | O97: 0 | P97: 0.93 | Q97: 2.3 | R97: =1+P97*Q97 -> 3.139 | S97: 0.9 | T97: 1 | U97: =(K97*N97+O97)*R97*S97*T97 -> 230183.44
F98: e1 | G98: =189+2604 -> 2793 | H98: 0.7295 | I98: 1.28 | J98: =17*0.015+1 -> 1.255 | K98: =G98*H98*I98*J98 -> 3273.0296 | L98: 20 | M98: 1.6 | N98: =1+6*L98/(L98+2000)+M98 -> 2.6594059 | O98: 0 | P98: 0.93 | Q98: 2.3 | R98: =1+P98*Q98 -> 3.139 | S98: 0.9 | T98: 1 | U98: =(K98*N98+O98)*R98*S98*T98 -> 24590.558
F99: e2 | G99: =189+2604 -> 2793 | H99: 0.8724 | I99: 1.28 | J99: =17*0.015+1 -> 1.255 | K99: =G99*H99*I99*J99 -> 3914.1754 | L99: 20 | M99: 1.3 | N99: =1+6*L99/(L99+2000)+M99 -> 2.3594059 | O99: 0 | P99: 0.93 | Q99: 2.3 | R99: =1+P99*Q99 -> 3.139 | S99: 1.15 | T99: 1 | U99: =(K99*N99+O99)*R99*S99*T99 -> 33337.43
F100: e3 | G100: =189+2604 -> 2793 | H100: 0.7295 | I100: 1.28 | J100: =17*0.015+1 -> 1.255 | K100: =G100*H100*I100*J100 -> 3273.0296 | L100: 20 | M100: 1.3 | N100: =1+6*L100/(L100+2000)+M100 -> 2.3594059 | O100: 0 | P100: 0.93 | Q100: 2.3 | R100: =1+P100*Q100 -> 3.139 | S100: 1.15 | T100: 1 | U100: =(K100*N100+O100)*R100*S100*T100 -> 27876.725
F101: e4 | G101: =189+2604 -> 2793 | H101: 0.8724 | I101: 1.28 | J101: =17*0.015+1 -> 1.255 | K101: =G101*H101*I101*J101 -> 3914.1754 | L101: 20 | M101: 1.3 | N101: =1+6*L101/(L101+2000)+M101 -> 2.3594059 | O101: 0 | P101: 0.93 | Q101: 2.3 | R101: =1+P101*Q101 -> 3.139 | S101: 1.15 | T101: 1 | U101: =(K101*N101+O101)*R101*S101*T101 -> 33337.43
F102: e5 | G102: =189+2604 -> 2793 | H102: 0.7295 | I102: 1.28 | J102: =17*0.015+1 -> 1.255 | K102: =G102*H102*I102*J102 -> 3273.0296 | L102: 20 | M102: 1.3 | N102: =1+6*L102/(L102+2000)+M102 -> 2.3594059 | O102: 0 | P102: 0.93 | Q102: 2.3 | R102: =1+P102*Q102 -> 3.139 | S102: 1.15 | T102: 1 | U102: =(K102*N102+O102)*R102*S102*T102 -> 27876.725
F103: e6 | G103: =189+2604 -> 2793 | H103: 0.8724 | I103: 1.28 | J103: =17*0.015+1 -> 1.255 | K103: =G103*H103*I103*J103 -> 3914.1754 | L103: 20 | M103: 1.3 | N103: =1+6*L103/(L103+2000)+M103 -> 2.3594059 | O103: 0 | P103: 0.93 | Q103: 2.3 | R103: =1+P103*Q103 -> 3.139 | S103: 1.15 | T103: 1 | U103: =(K103*N103+O103)*R103*S103*T103 -> 33337.43
F104: e7 | G104: =189+2604 -> 2793 | H104: 0.7295 | I104: 1.28 | J104: =17*0.015+1 -> 1.255 | K104: =G104*H104*I104*J104 -> 3273.0296 | L104: 20 | M104: 1.3 | N104: =1+6*L104/(L104+2000)+M104 -> 2.3594059 | O104: 0 | P104: 0.93 | Q104: 2.3 | R104: =1+P104*Q104 -> 3.139 | S104: 0.9 | T104: 1 | U104: =(K104*N104+O104)*R104*S104*T104 -> 21816.567
F105: e8 | G105: =189+2604 -> 2793 | H105: 0.8724 | I105: 1.28 | J105: =17*0.015+1 -> 1.255 | K105: =G105*H105*I105*J105 -> 3914.1754 | L105: 20 | M105: 1.3 | N105: =1+6*L105/(L105+2000)+M105 -> 2.3594059 | O105: 0 | P105: 0.93 | Q105: 2.3 | R105: =1+P105*Q105 -> 3.139 | S105: 0.9 | T105: 1 | U105: =(K105*N105+O105)*R105*S105*T105 -> 26090.162
F106: e9 | G106: 2604 | H106: 0.7295 | I106: 1.28 | J106: 1.24 | K106: =G106*H106*I106*J106 -> 3015.0737 | L106: 20 | M106: 0.8 | N106: =1+6*L106/(L106+2000)+M106 -> 1.8594059 | O106: 0 | P106: 0.93 | Q106: 2.3 | R106: =1+P106*Q106 -> 3.139 | S106: 0.9 | T106: 1 | U106: =(K106*N106+O106)*R106*S106*T106 -> 15838.205
G108: 攻击力 | H108: 倍率 | I108: 独立 | J108: 独立 | K108: 基础乘区 | L108: 冰增伤 | M108: 暴击率 | N108: 爆伤 | O108: 暴击乘区 | P108: 抗性系数 | Q108: 单次伤害 | R108: 次数 | S108: 单总伤 | T108: 总伤
G109: =G96 -> 2604 | H109: 1.9454 | I109: 1 | J109: 1 | K109: =G109*H109*I109*J109 -> 5065.8216 | L109: 1 | M109: 0.93 | N109: 2.3 | O109: =1+M109*N109 -> 3.139 | P109: 0.9 | Q109: =K109*L109*O109*P109 -> 14311.453 | R109: 1 | S109: =Q109*R109 -> 14311.453 | T109: =SUM(S109:S110) -> 136818.63
G110: =G101 -> 2793 | H110: 1.7251 | I110: 1 | J110: 1 | K110: =G110*H110*I110*J110 -> 4818.2043 | L110: 1 | M110: 0.93 | N110: 2.3 | O110: =1+M110*N110 -> 3.139 | P110: 0.9 | Q110: =K110*L110*O110*P110 -> 13611.909 | R110: 9 | S110: =Q110*R110 -> 122507.18
F112: 冰涡
G113: 反应系数 | H113: 冰系数 | I113: 基础系数 | J113: 精通 | K113: 星扩增 | L113: 精通乘区 | M113: 暴击率 | N113: 爆伤 | O113: 暴击乘区 | P113: 抗性系数 | Q113: 擢升 | R113: 权重 | S113: xp伤害 | T113: 触发次数 | U113: 总伤
F114: p1 | G114: 1446.85 | H114: 2 | I114: 1.28 | J114: 200 | K114: 2.68 | L114: =1+6*J114/(J114+2000)+K114 -> 4.2254545 | M114: 0.85 | N114: 2.22 | O114: =1+M114*N114 -> 2.887 | P114: 1.15 | Q114: 1 | R114: 0.6 | S114: =G114*H114*I114*L114*O114*P114*Q114*R114 -> 31176.889 | T114: 2 | U114: =T116*T114 -> 79094.496
...

Sheet 3+1桑0奥 
A1: 3＋1桑多涅0＋星峰剑奥c6布0七 | F1: mc | G1: 攻击力 | H1: 倍率 | I1: 基础系数 | J1: 独立 | K1: 基础乘区 | L1: 精通 | M1: 星扩增 | N1: 精通乘区 | O1: 羽毛 | P1: 暴击率 | Q1: 爆伤 | R1: 暴击乘区 | S1: 抗性系数 | T1: 擢升 | U1: 单次伤害 | V1: 总伤
A2: 统计 | B2: DMG | C2: DPS | D2: 轴长 | F2: z | G2: =3199+488+203 -> 3890 | H2: 2.9355 | I2: 1.28 | J2: 1 | K2: =G2*H2*I2*J2 -> 14616.442 | L2: 200 | M2: 2.23 | N2: =1+6*L2/(L2+2000)+M2 -> 3.7754545 | O2: 0 | P2: 0.85 | Q2: 2.62 | R2: =1+P2*Q2 -> 3.227 | S2: 1.15 | T2: 1 | U2: =(K2*N2+O2)*R2*S2*T2 -> 204789.51 | V2: =SUM(U2:U16) -> 3340075.5
B3: =B5+B7+B9 -> 4595686.1 | C3: =B3/D3 -> 213752.84 | D3: 21.5 | F3: z | G3: =3199+488+203 -> 3890 | H3: 2.9355 | I3: 1.28 | J3: 1 | K3: =G3*H3*I3*J3 -> 14616.442 | L3: 200 | M3: 2.38 | N3: =1+6*L3/(L3+2000)+M3 -> 3.9254545 | O3: 0 | P3: 0.85 | Q3: 2.82 | R3: =1+P3*Q3 -> 3.397 | S3: 1.15 | T3: 1 | U3: =(K3*N3+O3)*R3*S3*T3 -> 224142.9
B4: 桑多涅总伤 | C4: 占比 | F4: z | G4: =3199+488+203 -> 3890 | H4: 2.9355 | I4: 1.28 | J4: 1 | K4: =G4*H4*I4*J4 -> 14616.442 | L4: 200 | M4: 2.38 | N4: =1+6*L4/(L4+2000)+M4 -> 3.9254545 | O4: 0 | P4: 0.85 | Q4: 3.02 | R4: =1+P4*Q4 -> 3.567 | S4: 1.15 | T4: 1 | U4: =(K4*N4+O4)*R4*S4*T4 -> 235359.95
B5: =V2+T19 -> 3817305 | C5: =B5/B3 -> 0.83062786 | F5: z | G5: =3199+488+203 -> 3890 | H5: 2.9355 | I5: 1.28 | J5: 1 | K5: =G5*H5*I5*J5 -> 14616.442 | L5: 200 | M5: 2.38 | N5: =1+6*L5/(L5+2000)+M5 -> 3.9254545 | O5: 0 | P5: 0.85 | Q5: 3.22 | R5: =1+P5*Q5 -> 3.737 | S5: 1.15 | T5: 1 | U5: =(K5*N5+O5)*R5*S5*T5 -> 246576.99
B6: 奥黛塔总伤 | C6: 占比 | F6: z | G6: =3199+488+203 -> 3890 | H6: 2.9355 | I6: 1.28 | J6: 1 | K6: =G6*H6*I6*J6 -> 14616.442 | L6: 200 | M6: 2.38 | N6: =1+6*L6/(L6+2000)+M6 -> 3.9254545 | O6: 0 | P6: 0.85 | Q6: 3.22 | R6: =1+P6*Q6 -> 3.737 | S6: 1.15 | T6: 1 | U6: =(K6*N6+O6)*R6*S6*T6 -> 246576.99
B7: =V27+T39 -> 586299.57 | C7: =B7/B3 -> 0.12757607 | F7: z | G7: =3199+488+203 -> 3890 | H7: 2.9355 | I7: 1.28 | J7: 1 | K7: =G7*H7*I7*J7 -> 14616.442 | L7: 200 | M7: 2.38 | N7: =1+6*L7/(L7+2000)+M7 -> 3.9254545 | O7: 0 | P7: 0.85 | Q7: 3.22 | R7: =1+P7*Q7 -> 3.737 | S7: 1.15 | T7: 1 | U7: =(K7*N7+O7)*R7*S7*T7 -> 246576.99
B8: 反应伤害 | C8: 占比 | F8: q | G8: =3199+488+203 -> 3890 | H8: 5.9544 | I8: 1.28 | J8: 2 | K8: =G8*H8*I8*J8 -> 59296.297 | L8: 200 | M8: 2.38 | N8: =1+6*L8/(L8+2000)+M8 -> 3.9254545 | O8: 0 | P8: 0.85 | Q8: 2.22 | R8: =1+P8*Q8 -> 2.887 | S8: 1.15 | T8: 1 | U8: =(K8*N8+O8)*R8*S8*T8 -> 772791.17
B9: =U44+U50+U56+U62 -> 192081.61 | C9: =B9/B3 -> 0.041796067 | F9: e | G9: =3199+488+203 -> 3890 | H9: 0.5832 | I9: 1.28 | J9: 4 | K9: =G9*H9*I9*J9 -> 11615.478 | L9: 200 | M9: 2.38 | N9: =1+6*L9/(L9+2000)+M9 -> 3.9254545 | O9: 0 | P9: 0.85 | Q9: 2.22 | R9: =1+P9*Q9 -> 2.887 | S9: 1.15 | T9: 1 | U9: =(K9*N9+O9)*R9*S9*T9 -> 151381.1
F10: z | G10: =3199+488+203 -> 3890 | H10: 2.9355 | I10: 1.28 | J10: 1 | K10: =G10*H10*I10*J10 -> 14616.442 | L10: 200 | M10: 2.38 | N10: =1+6*L10/(L10+2000)+M10 -> 3.9254545 | O10: 0 | P10: 0.85 | Q10: 2.62 | R10: =1+P10*Q10 -> 3.227 | S10: 0.9 | T10: 1 | U10: =(K10*N10+O10)*R10*S10*T10 -> 166637.63
F11: z | G11: =3199+203 -> 3402 | H11: 2.9355 | I11: 1.28 | J11: 1 | K11: =G11*H11*I11*J11 -> 12782.811 | L11: 200 | M11: 2.38 | N11: =1+6*L11/(L11+2000)+M11 -> 3.9254545 | O11: 0 | P11: 0.85 | Q11: 2.82 | R11: =1+P11*Q11 -> 3.397 | S11: 0.9 | T11: 1 | U11: =(K11*N11+O11)*R11*S11*T11 -> 153410.25
F12: z | G12: =3199+203 -> 3402 | H12: 2.9355 | I12: 1.28 | J12: 1 | K12: =G12*H12*I12*J12 -> 12782.811 | L12: 200 | M12: 2.38 | N12: =1+6*L12/(L12+2000)+M12 -> 3.9254545 | O12: 0 | P12: 0.85 | Q12: 3.02 | R12: =1+P12*Q12 -> 3.567 | S12: 0.9 | T12: 1 | U12: =(K12*N12+O12)*R12*S12*T12 -> 161087.53
F13: z | G13: =3199+203 -> 3402 | H13: 2.9355 | I13: 1.28 | J13: 1 | K13: =G13*H13*I13*J13 -> 12782.811 | L13: 200 | M13: 2.38 | N13: =1+6*L13/(L13+2000)+M13 -> 3.9254545 | O13: 0 | P13: 0.85 | Q13: 3.22 | R13: =1+P13*Q13 -> 3.737 | S13: 0.9 | T13: 1 | U13: =(K13*N13+O13)*R13*S13*T13 -> 168764.82
F14: z | G14: =3199 -> 3199 | H14: 2.9355 | I14: 1.28 | J14: 1 | K14: =G14*H14*I14*J14 -> 12020.051 | L14: 200 | M14: 1.88 | N14: =1+6*L14/(L14+2000)+M14 -> 3.4254545 | O14: 0 | P14: 0.85 | Q14: 3.22 | R14: =1+P14*Q14 -> 3.737 | S14: 0.9 | T14: 1 | U14: =(K14*N14+O14)*R14*S14*T14 -> 138480.97
F15: z | G15: =3199 -> 3199 | H15: 2.9355 | I15: 1.28 | J15: 1 | K15: =G15*H15*I15*J15 -> 12020.051 | L15: 200 | M15: 1.88 | N15: =1+6*L15/(L15+2000)+M15 -> 3.4254545 | O15: 0 | P15: 0.85 | Q15: 3.22 | R15: =1+P15*Q15 -> 3.737 | S15: 0.9 | T15: 1 | U15: =(K15*N15+O15)*R15*S15*T15 -> 138480.97
F16: e | G16: =3199 -> 3199 | H16: 0.5832 | I16: 1.28 | J16: 4 | K16: =G16*H16*I16*J16 -> 9552.1628 | L16: 200 | M16: 1.88 | N16: =1+6*L16/(L16+2000)+M16 -> 3.4254545 | O16: 0 | P16: 0.85 | Q16: 2.22 | R16: =1+P16*Q16 -> 2.887 | S16: 0.9 | T16: 1 | U16: =(K16*N16+O16)*R16*S16*T16 -> 85017.674
G18: 攻击力 | H18: 倍率 | I18: 独立 | J18: 独立 | K18: 基础乘区 | L18: 冰增伤 | M18: 暴击率 | N18: 爆伤 | O18: 暴击乘区 | P18: 抗性系数 | Q18: 单次伤害 | R18: 次数 | S18: 单总伤 | T18: 总伤
G19: =3199+488+203 -> 3890 | H19: 1.03 | I19: 1 | J19: 1 | K19: =G19*H19*I19*J19 -> 4006.7 | L19: 1 | M19: 0.85 | N19: 2.22 | O19: =1+M19*N19 -> 2.887 | P19: 1.15 | Q19: =K19*L19*O19*P19 -> 13302.444 | R19: 18 | S19: =Q19*R19 -> 239444 | T19: =SUM(S19:S25) -> 477229.5
G20: =3199+488+203 -> 3890 | H20: 1.5879 | I20: 3 | J20: 1 | K20: =G20*H20*I20*J20 -> 18530.793 | L20: 1 | M20: 0.85 | N20: 2.22 | O20: =1+M20*N20 -> 2.887 | P20: 1.15 | Q20: =K20*L20*O20*P20 -> 61523.159 | R20: 1 | S20: =Q20*R20 -> 61523.159
G21: =3199+488+203 -> 3890 | H21: 0.5832 | I21: 1 | J21: 1 | K21: =G21*H21*I21*J21 -> 2268.648 | L21: 1 | M21: 0.85 | N21: 2.22 | O21: =1+M21*N21 -> 2.887 | P21: 1.15 | Q21: =K21*L21*O21*P21 -> 7532.0248 | R21: 1 | S21: =Q21*R21 -> 7532.0248
G22: =G11 -> 3402 | H22: 1.03 | I22: 1 | J22: 1 | K22: =G22*H22*I22*J22 -> 3504.06 | L22: 1 | M22: 0.85 | N22: 2.22 | O22: =1+M22*N22 -> 2.887 | P22: 0.9 | Q22: =K22*L22*O22*P22 -> 9104.5991 | R22: 18 | S22: =Q22*R22 -> 163882.78
G23: =G16 -> 3199 | H23: 0.5832 | I23: 1 | J23: 1 | K23: =G23*H23*I23*J23 -> 1865.6568 | L23: 1 | M23: 0.85 | N23: 2.22 | O23: =1+M23*N23 -> 2.887 | P23: 0.9 | Q23: =K23*L23*O23*P23 -> 4847.5361 | R23: 1 | S23: =Q23*R23 -> 4847.5361
F25: 奥黛塔
F26: mc | G26: 攻击力 | H26: 倍率 | I26: 基础系数 | J26: 独立 | K26: 基础乘区 | L26: 精通 | M26: 星扩增 | N26: 精通乘区 | O26: 羽毛 | P26: 暴击率 | Q26: 爆伤 | R26: 暴击乘区 | S26: 抗性系数 | T26: 擢升 | U26: 单次伤害 | V26: 总伤
F27: ee | G27: 2604 | H27: 8.2555 | I27: 1.28 | J27: =16*0.015+1 -> 1.24 | K27: =G27*H27*I27*J27 -> 34120.549 | L27: 20 | M27: 1.1 | N27: =1+6*L27/(L27+2000)+M27 -> 2.1594059 | O27: 0 | P27: 0.93 | Q27: 2.3 | R27: =1+P27*Q27 -> 3.139 | S27: 0.9 | T27: 1 | U27: =(K27*N27+O27)*R27*S27*T27 -> 208153.7 | V27: =SUM(U27:U36) -> 449480.94
F28: e1 | G28: =189+2604 -> 2793 | H28: 0.7295 | I28: 1.28 | J28: =17*0.015+1 -> 1.255 | K28: =G28*H28*I28*J28 -> 3273.0296 | L28: 20 | M28: 1.3 | N28: =1+6*L28/(L28+2000)+M28 -> 2.3594059 | O28: 0 | P28: 0.93 | Q28: 2.3 | R28: =1+P28*Q28 -> 3.139 | S28: 0.9 | T28: 1 | U28: =(K28*N28+O28)*R28*S28*T28 -> 21816.567
F29: e2 | G29: =189+2604 -> 2793 | H29: 0.8724 | I29: 1.28 | J29: =17*0.015+1 -> 1.255 | K29: =G29*H29*I29*J29 -> 3914.1754 | L29: 20 | M29: 1.3 | N29: =1+6*L29/(L29+2000)+M29 -> 2.3594059 | O29: 0 | P29: 0.93 | Q29: 2.3 | R29: =1+P29*Q29 -> 3.139 | S29: 1.15 | T29: 1 | U29: =(K29*N29+O29)*R29*S29*T29 -> 33337.43
F30: e3 | G30: =189+2604 -> 2793 | H30: 0.7295 | I30: 1.28 | J30: =17*0.015+1 -> 1.255 | K30: =G30*H30*I30*J30 -> 3273.0296 | L30: 20 | M30: 1.3 | N30: =1+6*L30/(L30+2000)+M30 -> 2.3594059 | O30: 0 | P30: 0.93 | Q30: 2.3 | R30: =1+P30*Q30 -> 3.139 | S30: 1.15 | T30: 1 | U30: =(K30*N30+O30)*R30*S30*T30 -> 27876.725
F31: e4 | G31: =189+2604 -> 2793 | H31: 0.8724 | I31: 1.28 | J31: =17*0.015+1 -> 1.255 | K31: =G31*H31*I31*J31 -> 3914.1754 | L31: 20 | M31: 1.3 | N31: =1+6*L31/(L31+2000)+M31 -> 2.3594059 | O31: 0 | P31: 0.93 | Q31: 2.3 | R31: =1+P31*Q31 -> 3.139 | S31: 1.15 | T31: 1 | U31: =(K31*N31+O31)*R31*S31*T31 -> 33337.43
F32: e5 | G32: =189+2604 -> 2793 | H32: 0.7295 | I32: 1.28 | J32: =17*0.015+1 -> 1.255 | K32: =G32*H32*I32*J32 -> 3273.0296 | L32: 20 | M32: 1.3 | N32: =1+6*L32/(L32+2000)+M32 -> 2.3594059 | O32: 0 | P32: 0.93 | Q32: 2.3 | R32: =1+P32*Q32 -> 3.139 | S32: 1.15 | T32: 1 | U32: =(K32*N32+O32)*R32*S32*T32 -> 27876.725
F33: e6 | G33: =189+2604 -> 2793 | H33: 0.8724 | I33: 1.28 | J33: =17*0.015+1 -> 1.255 | K33: =G33*H33*I33*J33 -> 3914.1754 | L33: 20 | M33: 1.3 | N33: =1+6*L33/(L33+2000)+M33 -> 2.3594059 | O33: 0 | P33: 0.93 | Q33: 2.3 | R33: =1+P33*Q33 -> 3.139 | S33: 1.15 | T33: 1 | U33: =(K33*N33+O33)*R33*S33*T33 -> 33337.43
F34: e7 | G34: =189+2604 -> 2793 | H34: 0.7295 | I34: 1.28 | J34: =17*0.015+1 -> 1.255 | K34: =G34*H34*I34*J34 -> 3273.0296 | L34: 20 | M34: 1.3 | N34: =1+6*L34/(L34+2000)+M34 -> 2.3594059 | O34: 0 | P34: 0.93 | Q34: 2.3 | R34: =1+P34*Q34 -> 3.139 | S34: 0.9 | T34: 1 | U34: =(K34*N34+O34)*R34*S34*T34 -> 21816.567
F35: e8 | G35: =189+2604 -> 2793 | H35: 0.8724 | I35: 1.28 | J35: =17*0.015+1 -> 1.255 | K35: =G35*H35*I35*J35 -> 3914.1754 | L35: 20 | M35: 1.3 | N35: =1+6*L35/(L35+2000)+M35 -> 2.3594059 | O35: 0 | P35: 0.93 | Q35: 2.3 | R35: =1+P35*Q35 -> 3.139 | S35: 0.9 | T35: 1 | U35: =(K35*N35+O35)*R35*S35*T35 -> 26090.162
F36: e9 | G36: 2604 | H36: 0.7295 | I36: 1.28 | J36: 1.24 | K36: =G36*H36*I36*J36 -> 3015.0737 | L36: 20 | M36: 0.8 | N36: =1+6*L36/(L36+2000)+M36 -> 1.8594059 | O36: 0 | P36: 0.93 | Q36: 2.3 | R36: =1+P36*Q36 -> 3.139 | S36: 0.9 | T36: 1 | U36: =(K36*N36+O36)*R36*S36*T36 -> 15838.205
G38: 攻击力 | H38: 倍率 | I38: 独立 | J38: 独立 | K38: 基础乘区 | L38: 冰增伤 | M38: 暴击率 | N38: 爆伤 | O38: 暴击乘区 | P38: 抗性系数 | Q38: 单次伤害 | R38: 次数 | S38: 单总伤 | T38: 总伤
G39: =G27 -> 2604 | H39: 1.9454 | I39: 1 | J39: 1 | K39: =G39*H39*I39*J39 -> 5065.8216 | L39: 1 | M39: 0.93 | N39: 2.3 | O39: =1+M39*N39 -> 3.139 | P39: 0.9 | Q39: =K39*L39*O39*P39 -> 14311.453 | R39: 1 | S39: =Q39*R39 -> 14311.453 | T39: =SUM(S39:S40) -> 136818.63
G40: =G31 -> 2793 | H40: 1.7251 | I40: 1 | J40: 1 | K40: =G40*H40*I40*J40 -> 4818.2043 | L40: 1 | M40: 0.93 | N40: 2.3 | O40: =1+M40*N40 -> 3.139 | P40: 0.9 | Q40: =K40*L40*O40*P40 -> 13611.909 | R40: 9 | S40: =Q40*R40 -> 122507.18
F42: 冰涡
G43: 反应系数 | H43: 冰系数 | I43: 基础系数 | J43: 精通 | K43: 星扩增 | L43: 精通乘区 | M43: 暴击率 | N43: 爆伤 | O43: 暴击乘区 | P43: 抗性系数 | Q43: 擢升 | R43: 权重 | S43: xp伤害 | T43: 触发次数 | U43: 总伤
F44: p1 | G44: 1446.85 | H44: 2 | I44: 1.28 | J44: 200 | K44: 2.38 | L44: =1+6*J44/(J44+2000)+K44 -> 3.9254545 | M44: 0.85 | N44: 2.22 | O44: =1+M44*N44 -> 2.887 | P44: 1.15 | Q44: 1 | R44: 0.6 | S44: =G44*H44*I44*L44*O44*P44*Q44*R44 -> 28963.384 | T44: 2 | U44: =T46*T44 -> 73393.794
F45: p2 | G45: 1446.85 | H45: 2 | I45: 1.28 | J45: 0 | K45: 1.9 | L45: =1+6*J45/(J45+2000)+K45 -> 2.9 | M45: 0.5 | N45: 1.5 | O45: =1+M45*N45 -> 1.75 | P45: 0.9 | Q45: 1 | R45: 0.3 | S45: =G45*H45*I45*L45*O45*P45*Q45*R45 -> 5075.3183 | T45: 单次伤害
F46: p3 | G46: 1446.85 | H46: 2 | I46: 1.28 | J46: 20 | K46: 1.3 | L46: =1+6*J46/(J46+2000)+K46 -> 2.3594059 | M46: 0.93 | N46: 2.3 | O46: =1+M46*N46 -> 3.139 | P46: 1.15 | Q46: 1 | R46: 0.05 | S46: =G46*H46*I46*L46*O46*P46*Q46*R46 -> 1577.3399 | T46: =SUM(S44:S47) -> 36696.897
F47: p4 | G47: 1446.85 | H47: 2 | I47: 1.28 | J47: 0 | K47: 1.9 | L47: =1+6*J47/(J47+2000)+K47 -> 2.9 | M47: 0.5 | N47: 1.5 | O47: =1+M47*N47 -> 1.75 | P47: 1.15 | Q47: 1 | R47: 0.05 | S47: =G47*H47*I47*L47*O47*P47*Q47*R47 -> 1080.8548
G49: 反应系数 | H49: 冰系数 | I49: 基础系数 | J49: 精通 | K49: 星扩增 | L49: 精通乘区 | M49: 暴击率 | N49: 爆伤 | O49: 暴击乘区 | P49: 抗性系数 | Q49: 擢升 | R49: 权重 | S49: xp伤害 | T49: 触发次数 | U49: 总伤
F50: p1 | G50: 1446.85 | H50: 2 | I50: 1.28 | J50: 200 | K50: 2.38 | L50: =1+6*J50/(J50+2000)+K50 -> 3.9254545 | M50: 0.85 | N50: 2.22 | O50: =1+M50*N50 -> 2.887 | P50: 0.9 | Q50: 1 | R50: 0.6 | S50: =G50*H50*I50*L50*O50*P50*Q50*R50 -> 22666.996 | T50: 2 | U50: =T52*T50 -> 59645.282
F51: p2 | G51: 1446.85 | H51: 2 | I51: 1.28 | J51: 0 | K51: 1.9 | L51: =1+6*J51/(J51+2000)+K51 -> 2.9 | M51: 0.5 | N51: 1.5 | O51: =1+M51*N51 -> 1.75 | P51: 0.9 | Q51: 1 | R51: 0.3 | S51: =G51*H51*I51*L51*O51*P51*Q51*R51 -> 5075.3183 | T51: 单次伤害
F52: p3 | G52: 1446.85 | H52: 2 | I52: 1.28 | J52: 20 | K52: 1.3 | L52: =1+6*J52/(J52+2000)+K52 -> 2.3594059 | M52: 0.93 | N52: 2.3 | O52: =1+M52*N52 -> 3.139 | P52: 0.9 | Q52: 1 | R52: 0.05 | S52: =G52*H52*I52*L52*O52*P52*Q52*R52 -> 1234.44 | T52: =SUM(S50:S53) -> 29822.641
F53: p4 | G53: 1446.85 | H53: 2 | I53: 1.28 | J53: 0 | K53: 1.9 | L53: =1+6*J53/(J53+2000)+K53 -> 2.9 | M53: 0.5 | N53: 1.5 | O53: =1+M53*N53 -> 1.75 | P53: 0.9 | Q53: 1 | R53: 0.05 | S53: =G53*H53*I53*L53*O53*P53*Q53*R53 -> 845.88638
F54: 风涡
G55: 反应系数 | H55: 风系数 | I55: 基础系数 | J55: 精通 | K55: 星扩增 | L55: 精通乘区 | M55: 暴击率 | N55: 爆伤 | O55: 暴击乘区 | P55: 抗性系数 | Q55: 擢升 | R55: 权重 | S55: xp伤害 | T55: 触发次数 | U55: 总伤
F56: p1 | G56: 1446.85 | H56: 0.75 | I56: 1.28 | J56: 0 | K56: 1.9 | L56: =1+6*J56/(J56+2000)+K56 -> 2.9 | M56: 0.5 | N56: 1.5 | O56: =1+M56*N56 -> 1.75 | P56: 0.9 | Q56: 1 | R56: 0.6 | S56: =G56*H56*I56*L56*O56*P56*Q56*R56 -> 3806.4887 | T56: 4 | U56: =T58*T56 -> 40935.785
F57: p2 | G57: 1446.85 | H57: 0.75 | I57: 1.28 | J57: 200 | K57: 2.38 | L57: =1+6*J57/(J57+2000)+K57 -> 3.9254545 | M57: 0.85 | N57: 2.22 | O57: =1+M57*N57 -> 2.887 | P57: 1.15 | Q57: 1 | R57: 0.3 | S57: =G57*H57*I57*L57*O57*P57*Q57*R57 -> 5430.6345 | T57: 单次伤害
F58: p3 | G58: 1446.85 | H58: 0.75 | I58: 1.28 | J58: 20 | K58: 1.3 | L58: =1+6*J58/(J58+2000)+K58 -> 2.3594059 | M58: 0.93 | N58: 2.3 | O58: =1+M58*N58 -> 3.139 | P58: 1.15 | Q58: 1 | R58: 0.05 | S58: =G58*H58*I58*L58*O58*P58*Q58*R58 -> 591.50248 | T58: =SUM(S56:S59) -> 10233.946
F59: p4 | G59: 1446.85 | H59: 0.75 | I59: 1.28 | J59: 0 | K59: 1.9 | L59: =1+6*J59/(J59+2000)+K59 -> 2.9 | M59: 0.5 | N59: 1.5 | O59: =1+M59*N59 -> 1.75 | P59: 1.15 | Q59: 1 | R59: 0.05 | S59: =G59*H59*I59*L59*O59*P59*Q59*R59 -> 405.32056
G61: 反应系数 | H61: 风系数 | I61: 基础系数 | J61: 精通 | K61: 星扩增 | L61: 精通乘区 | M61: 暴击率 | N61: 爆伤 | O61: 暴击乘区 | P61: 抗性系数 | Q61: 擢升 | R61: 权重 | S61: xp伤害 | T61: 触发次数 | U61: 总伤
F62: p1 | G62: 1446.85 | H62: 0.75 | I62: 1.28 | J62: 0 | K62: 1.9 | L62: =1+6*J62/(J62+2000)+K62 -> 2.9 | M62: 0.5 | N62: 1.5 | O62: =1+M62*N62 -> 1.75 | P62: 0.9 | Q62: 1 | R62: 0.6 | S62: =G62*H62*I62*L62*O62*P62*Q62*R62 -> 3806.4887 | T62: 2 | U62: =T64*T62 -> 18106.747
F63: p2 | G63: 1446.85 | H63: 0.75 | I63: 1.28 | J63: 200 | K63: 2.38 | L63: =1+6*J63/(J63+2000)+K63 -> 3.9254545 | M63: 0.85 | N63: 2.22 | O63: =1+M63*N63 -> 2.887 | P63: 0.9 | Q63: 1 | R63: 0.3 | S63: =G63*H63*I63*L63*O63*P63*Q63*R63 -> 4250.0618 | T63: 单次伤害
F64: p3 | G64: 1446.85 | H64: 0.75 | I64: 1.28 | J64: 20 | K64: 1.3 | L64: =1+6*J64/(J64+2000)+K64 -> 2.3594059 | M64: 0.93 | N64: 2.3 | O64: =1+M64*N64 -> 3.139 | P64: 1.15 | Q64: 1 | R64: 0.05 | S64: =G64*H64*I64*L64*O64*P64*Q64*R64 -> 591.50248 | T64: =SUM(S62:S65) -> 9053.3735
F65: p4 | G65: 1446.85 | H65: 0.75 | I65: 1.28 | J65: 0 | K65: 1.9 | L65: =1+6*J65/(J65+2000)+K65 -> 2.9 | M65: 0.5 | N65: 1.5 | O65: =1+M65*N65 -> 1.75 | P65: 1.15 | Q65: 1 | R65: 0.05 | S65: =G65*H65*I65*L65*O65*P65*Q65*R65 -> 405.32056

Sheet 4+1桑0奥 
A1: 4＋1桑多涅0＋星峰剑奥c6布0七 | F1: mc | G1: 攻击力 | H1: 倍率 | I1: 基础系数 | J1: 独立 | K1: 基础乘区 | L1: 精通 | M1: 星扩增 | N1: 精通乘区 | O1: 羽毛 | P1: 暴击率 | Q1: 爆伤 | R1: 暴击乘区 | S1: 抗性系数 | T1: 擢升 | U1: 单次伤害 | V1: 总伤
A2: 统计 | B2: DMG | C2: DPS | D2: 轴长 | F2: z | G2: =3199+488+203 -> 3890 | H2: 2.9355 | I2: 1.28 | J2: 1 | K2: =G2*H2*I2*J2 -> 14616.442 | L2: 200 | M2: 2.23 | N2: =1+6*L2/(L2+2000)+M2 -> 3.7754545 | O2: 0 | P2: 0.85 | Q2: 2.62 | R2: =1+P2*Q2 -> 3.227 | S2: 1.15 | T2: 1 | U2: =(K2*N2+O2)*R2*S2*T2 -> 204789.51 | V2: =SUM(U2:U20) -> 3783723
B3: =B5+B7+B9 -> 5039333.7 | C3: =B3/D3 -> 234387.61 | D3: 21.5 | F3: c4 | G3: =3199+488+203 -> 3890 | H3: 1.875 | I3: 1.28 | J3: 1 | K3: =G3*H3*I3*J3 -> 9336 | L3: 200 | M3: 2.23 | N3: =1+6*L3/(L3+2000)+M3 -> 3.7754545 | O3: 0 | P3: 0.85 | Q3: 2.22 | R3: =1+P3*Q3 -> 2.887 | S3: 1.15 | T3: 1 | U3: =(K3*N3+O3)*R3*S3*T3 -> 117023.94
B4: 桑多涅总伤 | C4: 占比 | F4: z | G4: =3199+488+203 -> 3890 | H4: 2.9355 | I4: 1.28 | J4: 1 | K4: =G4*H4*I4*J4 -> 14616.442 | L4: 200 | M4: 2.38 | N4: =1+6*L4/(L4+2000)+M4 -> 3.9254545 | O4: 0 | P4: 0.85 | Q4: 2.82 | R4: =1+P4*Q4 -> 3.397 | S4: 1.15 | T4: 1 | U4: =(K4*N4+O4)*R4*S4*T4 -> 224142.9
B5: =V2+T23 -> 4260952.5 | C5: =B5/B3 -> 0.84553887 | F5: z | G5: =3199+488+203 -> 3890 | H5: 2.9355 | I5: 1.28 | J5: 1 | K5: =G5*H5*I5*J5 -> 14616.442 | L5: 200 | M5: 2.38 | N5: =1+6*L5/(L5+2000)+M5 -> 3.9254545 | O5: 0 | P5: 0.85 | Q5: 3.02 | R5: =1+P5*Q5 -> 3.567 | S5: 1.15 | T5: 1 | U5: =(K5*N5+O5)*R5*S5*T5 -> 235359.95
B6: 奥黛塔总伤 | C6: 占比 | F6: z | G6: =3199+488+203 -> 3890 | H6: 2.9355 | I6: 1.28 | J6: 1 | K6: =G6*H6*I6*J6 -> 14616.442 | L6: 200 | M6: 2.38 | N6: =1+6*L6/(L6+2000)+M6 -> 3.9254545 | O6: 0 | P6: 0.85 | Q6: 3.22 | R6: =1+P6*Q6 -> 3.737 | S6: 1.15 | T6: 1 | U6: =(K6*N6+O6)*R6*S6*T6 -> 246576.99
B7: =V31+T43 -> 586299.57 | C7: =B7/B3 -> 0.11634466 | F7: c4 | G7: =3199+488+203 -> 3890 | H7: 1.875 | I7: 1.28 | J7: 1 | K7: =G7*H7*I7*J7 -> 9336 | L7: 200 | M7: 2.38 | N7: =1+6*L7/(L7+2000)+M7 -> 3.9254545 | O7: 0 | P7: 0.85 | Q7: 2.22 | R7: =1+P7*Q7 -> 2.887 | S7: 1.15 | T7: 1 | U7: =(K7*N7+O7)*R7*S7*T7 -> 121673.34
B8: 反应伤害 | C8: 占比 | F8: z | G8: =3199+488+203 -> 3890 | H8: 2.9355 | I8: 1.28 | J8: 1 | K8: =G8*H8*I8*J8 -> 14616.442 | L8: 200 | M8: 2.38 | N8: =1+6*L8/(L8+2000)+M8 -> 3.9254545 | O8: 0 | P8: 0.85 | Q8: 3.22 | R8: =1+P8*Q8 -> 3.737 | S8: 1.15 | T8: 1 | U8: =(K8*N8+O8)*R8*S8*T8 -> 246576.99
B9: =U48+U54+U60+U66 -> 192081.61 | C9: =B9/B3 -> 0.038116469 | F9: z | G9: =3199+488+203 -> 3890 | H9: 2.9355 | I9: 1.28 | J9: 1 | K9: =G9*H9*I9*J9 -> 14616.442 | L9: 200 | M9: 2.38 | N9: =1+6*L9/(L9+2000)+M9 -> 3.9254545 | O9: 0 | P9: 0.85 | Q9: 3.22 | R9: =1+P9*Q9 -> 3.737 | S9: 1.15 | T9: 1 | U9: =(K9*N9+O9)*R9*S9*T9 -> 246576.99
F10: q | G10: =3199+488+203 -> 3890 | H10: 5.9544 | I10: 1.28 | J10: 2 | K10: =G10*H10*I10*J10 -> 59296.297 | L10: 200 | M10: 2.38 | N10: =1+6*L10/(L10+2000)+M10 -> 3.9254545 | O10: 0 | P10: 0.85 | Q10: 2.22 | R10: =1+P10*Q10 -> 2.887 | S10: 1.15 | T10: 1 | U10: =(K10*N10+O10)*R10*S10*T10 -> 772791.17
F11: e | G11: =3199+488+203 -> 3890 | H11: 0.5832 | I11: 1.28 | J11: 4 | K11: =G11*H11*I11*J11 -> 11615.478 | L11: 200 | M11: 2.38 | N11: =1+6*L11/(L11+2000)+M11 -> 3.9254545 | O11: 0 | P11: 0.85 | Q11: 2.22 | R11: =1+P11*Q11 -> 2.887 | S11: 1.15 | T11: 1 | U11: =(K11*N11+O11)*R11*S11*T11 -> 151381.1
F12: c4 | G12: =3199+488+203 -> 3890 | H12: 1.875 | I12: 1.28 | J12: 1 | K12: =G12*H12*I12*J12 -> 9336 | L12: 200 | M12: 2.38 | N12: =1+6*L12/(L12+2000)+M12 -> 3.9254545 | O12: 0 | P12: 0.85 | Q12: 2.22 | R12: =1+P12*Q12 -> 2.887 | S12: 1.15 | T12: 1 | U12: =(K12*N12+O12)*R12*S12*T12 -> 121673.34
F13: z | G13: =3199+488+203 -> 3890 | H13: 2.9355 | I13: 1.28 | J13: 1 | K13: =G13*H13*I13*J13 -> 14616.442 | L13: 200 | M13: 2.38 | N13: =1+6*L13/(L13+2000)+M13 -> 3.9254545 | O13: 0 | P13: 0.85 | Q13: 2.62 | R13: =1+P13*Q13 -> 3.227 | S13: 0.9 | T13: 1 | U13: =(K13*N13+O13)*R13*S13*T13 -> 166637.63
F14: z | G14: =3199+203 -> 3402 | H14: 2.9355 | I14: 1.28 | J14: 1 | K14: =G14*H14*I14*J14 -> 12782.811 | L14: 200 | M14: 2.38 | N14: =1+6*L14/(L14+2000)+M14 -> 3.9254545 | O14: 0 | P14: 0.85 | Q14: 2.82 | R14: =1+P14*Q14 -> 3.397 | S14: 0.9 | T14: 1 | U14: =(K14*N14+O14)*R14*S14*T14 -> 153410.25
F15: z | G15: =3199+203 -> 3402 | H15: 2.9355 | I15: 1.28 | J15: 1 | K15: =G15*H15*I15*J15 -> 12782.811 | L15: 200 | M15: 2.38 | N15: =1+6*L15/(L15+2000)+M15 -> 3.9254545 | O15: 0 | P15: 0.85 | Q15: 3.02 | R15: =1+P15*Q15 -> 3.567 | S15: 0.9 | T15: 1 | U15: =(K15*N15+O15)*R15*S15*T15 -> 161087.53
F16: c4 | G16: =3199+203 -> 3402 | H16: 1.875 | I16: 1.28 | J16: 1 | K16: =G16*H16*I16*J16 -> 8164.8 | L16: 200 | M16: 2.38 | N16: =1+6*L16/(L16+2000)+M16 -> 3.9254545 | O16: 0 | P16: 0.85 | Q16: 2.22 | R16: =1+P16*Q16 -> 2.887 | S16: 0.9 | T16: 1 | U16: =(K16*N16+O16)*R16*S16*T16 -> 83276.947
F17: z | G17: =3199+203 -> 3402 | H17: 2.9355 | I17: 1.28 | J17: 1 | K17: =G17*H17*I17*J17 -> 12782.811 | L17: 200 | M17: 2.38 | N17: =1+6*L17/(L17+2000)+M17 -> 3.9254545 | O17: 0 | P17: 0.85 | Q17: 3.22 | R17: =1+P17*Q17 -> 3.737 | S17: 0.9 | T17: 1 | U17: =(K17*N17+O17)*R17*S17*T17 -> 168764.82
F18: z | G18: =3199 -> 3199 | H18: 2.9355 | I18: 1.28 | J18: 1 | K18: =G18*H18*I18*J18 -> 12020.051 | L18: 200 | M18: 1.88 | N18: =1+6*L18/(L18+2000)+M18 -> 3.4254545 | O18: 0 | P18: 0.85 | Q18: 3.22 | R18: =1+P18*Q18 -> 3.737 | S18: 0.9 | T18: 1 | U18: =(K18*N18+O18)*R18*S18*T18 -> 138480.97
F19: z | G19: =3199 -> 3199 | H19: 2.9355 | I19: 1.28 | J19: 1 | K19: =G19*H19*I19*J19 -> 12020.051 | L19: 200 | M19: 1.88 | N19: =1+6*L19/(L19+2000)+M19 -> 3.4254545 | O19: 0 | P19: 0.85 | Q19: 3.22 | R19: =1+P19*Q19 -> 3.737 | S19: 0.9 | T19: 1 | U19: =(K19*N19+O19)*R19*S19*T19 -> 138480.97
F20: e | G20: =3199 -> 3199 | H20: 0.5832 | I20: 1.28 | J20: 4 | K20: =G20*H20*I20*J20 -> 9552.1628 | L20: 200 | M20: 1.88 | N20: =1+6*L20/(L20+2000)+M20 -> 3.4254545 | O20: 0 | P20: 0.85 | Q20: 2.22 | R20: =1+P20*Q20 -> 2.887 | S20: 0.9 | T20: 1 | U20: =(K20*N20+O20)*R20*S20*T20 -> 85017.674
G22: 攻击力 | H22: 倍率 | I22: 独立 | J22: 独立 | K22: 基础乘区 | L22: 冰增伤 | M22: 暴击率 | N22: 爆伤 | O22: 暴击乘区 | P22: 抗性系数 | Q22: 单次伤害 | R22: 次数 | S22: 单总伤 | T22: 总伤
G23: =3199+488+203 -> 3890 | H23: 1.03 | I23: 1 | J23: 1 | K23: =G23*H23*I23*J23 -> 4006.7 | L23: 1 | M23: 0.85 | N23: 2.22 | O23: =1+M23*N23 -> 2.887 | P23: 1.15 | Q23: =K23*L23*O23*P23 -> 13302.444 | R23: 18 | S23: =Q23*R23 -> 239444 | T23: =SUM(S23:S29) -> 477229.5
G24: =3199+488+203 -> 3890 | H24: 1.5879 | I24: 3 | J24: 1 | K24: =G24*H24*I24*J24 -> 18530.793 | L24: 1 | M24: 0.85 | N24: 2.22 | O24: =1+M24*N24 -> 2.887 | P24: 1.15 | Q24: =K24*L24*O24*P24 -> 61523.159 | R24: 1 | S24: =Q24*R24 -> 61523.159
G25: =3199+488+203 -> 3890 | H25: 0.5832 | I25: 1 | J25: 1 | K25: =G25*H25*I25*J25 -> 2268.648 | L25: 1 | M25: 0.85 | N25: 2.22 | O25: =1+M25*N25 -> 2.887 | P25: 1.15 | Q25: =K25*L25*O25*P25 -> 7532.0248 | R25: 1 | S25: =Q25*R25 -> 7532.0248
G26: =G14 -> 3402 | H26: 1.03 | I26: 1 | J26: 1 | K26: =G26*H26*I26*J26 -> 3504.06 | L26: 1 | M26: 0.85 | N26: 2.22 | O26: =1+M26*N26 -> 2.887 | P26: 0.9 | Q26: =K26*L26*O26*P26 -> 9104.5991 | R26: 18 | S26: =Q26*R26 -> 163882.78
G27: =G20 -> 3199 | H27: 0.5832 | I27: 1 | J27: 1 | K27: =G27*H27*I27*J27 -> 1865.6568 | L27: 1 | M27: 0.85 | N27: 2.22 | O27: =1+M27*N27 -> 2.887 | P27: 0.9 | Q27: =K27*L27*O27*P27 -> 4847.5361 | R27: 1 | S27: =Q27*R27 -> 4847.5361
F29: 奥黛塔
F30: mc | G30: 攻击力 | H30: 倍率 | I30: 基础系数 | J30: 独立 | K30: 基础乘区 | L30: 精通 | M30: 星扩增 | N30: 精通乘区 | O30: 羽毛 | P30: 暴击率 | Q30: 爆伤 | R30: 暴击乘区 | S30: 抗性系数 | T30: 擢升 | U30: 单次伤害 | V30: 总伤
F31: ee | G31: 2604 | H31: 8.2555 | I31: 1.28 | J31: =16*0.015+1 -> 1.24 | K31: =G31*H31*I31*J31 -> 34120.549 | L31: 20 | M31: 1.1 | N31: =1+6*L31/(L31+2000)+M31 -> 2.1594059 | O31: 0 | P31: 0.93 | Q31: 2.3 | R31: =1+P31*Q31 -> 3.139 | S31: 0.9 | T31: 1 | U31: =(K31*N31+O31)*R31*S31*T31 -> 208153.7 | V31: =SUM(U31:U40) -> 449480.94
F32: e1 | G32: =189+2604 -> 2793 | H32: 0.7295 | I32: 1.28 | J32: =17*0.015+1 -> 1.255 | K32: =G32*H32*I32*J32 -> 3273.0296 | L32: 20 | M32: 1.3 | N32: =1+6*L32/(L32+2000)+M32 -> 2.3594059 | O32: 0 | P32: 0.93 | Q32: 2.3 | R32: =1+P32*Q32 -> 3.139 | S32: 0.9 | T32: 1 | U32: =(K32*N32+O32)*R32*S32*T32 -> 21816.567
F33: e2 | G33: =189+2604 -> 2793 | H33: 0.8724 | I33: 1.28 | J33: =17*0.015+1 -> 1.255 | K33: =G33*H33*I33*J33 -> 3914.1754 | L33: 20 | M33: 1.3 | N33: =1+6*L33/(L33+2000)+M33 -> 2.3594059 | O33: 0 | P33: 0.93 | Q33: 2.3 | R33: =1+P33*Q33 -> 3.139 | S33: 1.15 | T33: 1 | U33: =(K33*N33+O33)*R33*S33*T33 -> 33337.43
F34: e3 | G34: =189+2604 -> 2793 | H34: 0.7295 | I34: 1.28 | J34: =17*0.015+1 -> 1.255 | K34: =G34*H34*I34*J34 -> 3273.0296 | L34: 20 | M34: 1.3 | N34: =1+6*L34/(L34+2000)+M34 -> 2.3594059 | O34: 0 | P34: 0.93 | Q34: 2.3 | R34: =1+P34*Q34 -> 3.139 | S34: 1.15 | T34: 1 | U34: =(K34*N34+O34)*R34*S34*T34 -> 27876.725
F35: e4 | G35: =189+2604 -> 2793 | H35: 0.8724 | I35: 1.28 | J35: =17*0.015+1 -> 1.255 | K35: =G35*H35*I35*J35 -> 3914.1754 | L35: 20 | M35: 1.3 | N35: =1+6*L35/(L35+2000)+M35 -> 2.3594059 | O35: 0 | P35: 0.93 | Q35: 2.3 | R35: =1+P35*Q35 -> 3.139 | S35: 1.15 | T35: 1 | U35: =(K35*N35+O35)*R35*S35*T35 -> 33337.43
F36: e5 | G36: =189+2604 -> 2793 | H36: 0.7295 | I36: 1.28 | J36: =17*0.015+1 -> 1.255 | K36: =G36*H36*I36*J36 -> 3273.0296 | L36: 20 | M36: 1.3 | N36: =1+6*L36/(L36+2000)+M36 -> 2.3594059 | O36: 0 | P36: 0.93 | Q36: 2.3 | R36: =1+P36*Q36 -> 3.139 | S36: 1.15 | T36: 1 | U36: =(K36*N36+O36)*R36*S36*T36 -> 27876.725
F37: e6 | G37: =189+2604 -> 2793 | H37: 0.8724 | I37: 1.28 | J37: =17*0.015+1 -> 1.255 | K37: =G37*H37*I37*J37 -> 3914.1754 | L37: 20 | M37: 1.3 | N37: =1+6*L37/(L37+2000)+M37 -> 2.3594059 | O37: 0 | P37: 0.93 | Q37: 2.3 | R37: =1+P37*Q37 -> 3.139 | S37: 1.15 | T37: 1 | U37: =(K37*N37+O37)*R37*S37*T37 -> 33337.43
F38: e7 | G38: =189+2604 -> 2793 | H38: 0.7295 | I38: 1.28 | J38: =17*0.015+1 -> 1.255 | K38: =G38*H38*I38*J38 -> 3273.0296 | L38: 20 | M38: 1.3 | N38: =1+6*L38/(L38+2000)+M38 -> 2.3594059 | O38: 0 | P38: 0.93 | Q38: 2.3 | R38: =1+P38*Q38 -> 3.139 | S38: 0.9 | T38: 1 | U38: =(K38*N38+O38)*R38*S38*T38 -> 21816.567
F39: e8 | G39: =189+2604 -> 2793 | H39: 0.8724 | I39: 1.28 | J39: =17*0.015+1 -> 1.255 | K39: =G39*H39*I39*J39 -> 3914.1754 | L39: 20 | M39: 1.3 | N39: =1+6*L39/(L39+2000)+M39 -> 2.3594059 | O39: 0 | P39: 0.93 | Q39: 2.3 | R39: =1+P39*Q39 -> 3.139 | S39: 0.9 | T39: 1 | U39: =(K39*N39+O39)*R39*S39*T39 -> 26090.162
F40: e9 | G40: 2604 | H40: 0.7295 | I40: 1.28 | J40: 1.24 | K40: =G40*H40*I40*J40 -> 3015.0737 | L40: 20 | M40: 0.8 | N40: =1+6*L40/(L40+2000)+M40 -> 1.8594059 | O40: 0 | P40: 0.93 | Q40: 2.3 | R40: =1+P40*Q40 -> 3.139 | S40: 0.9 | T40: 1 | U40: =(K40*N40+O40)*R40*S40*T40 -> 15838.205
G42: 攻击力 | H42: 倍率 | I42: 独立 | J42: 独立 | K42: 基础乘区 | L42: 冰增伤 | M42: 暴击率 | N42: 爆伤 | O42: 暴击乘区 | P42: 抗性系数 | Q42: 单次伤害 | R42: 次数 | S42: 单总伤 | T42: 总伤
G43: =G31 -> 2604 | H43: 1.9454 | I43: 1 | J43: 1 | K43: =G43*H43*I43*J43 -> 5065.8216 | L43: 1 | M43: 0.93 | N43: 2.3 | O43: =1+M43*N43 -> 3.139 | P43: 0.9 | Q43: =K43*L43*O43*P43 -> 14311.453 | R43: 1 | S43: =Q43*R43 -> 14311.453 | T43: =SUM(S43:S44) -> 136818.63
G44: =G35 -> 2793 | H44: 1.7251 | I44: 1 | J44: 1 | K44: =G44*H44*I44*J44 -> 4818.2043 | L44: 1 | M44: 0.93 | N44: 2.3 | O44: =1+M44*N44 -> 3.139 | P44: 0.9 | Q44: =K44*L44*O44*P44 -> 13611.909 | R44: 9 | S44: =Q44*R44 -> 122507.18
F46: 冰涡
G47: 反应系数 | H47: 冰系数 | I47: 基础系数 | J47: 精通 | K47: 星扩增 | L47: 精通乘区 | M47: 暴击率 | N47: 爆伤 | O47: 暴击乘区 | P47: 抗性系数 | Q47: 擢升 | R47: 权重 | S47: xp伤害 | T47: 触发次数 | U47: 总伤
F48: p1 | G48: 1446.85 | H48: 2 | I48: 1.28 | J48: 200 | K48: 2.38 | L48: =1+6*J48/(J48+2000)+K48 -> 3.9254545 | M48: 0.85 | N48: 2.22 | O48: =1+M48*N48 -> 2.887 | P48: 1.15 | Q48: 1 | R48: 0.6 | S48: =G48*H48*I48*L48*O48*P48*Q48*R48 -> 28963.384 | T48: 2 | U48: =T50*T48 -> 73393.794
F49: p2 | G49: 1446.85 | H49: 2 | I49: 1.28 | J49: 0 | K49: 1.9 | L49: =1+6*J49/(J49+2000)+K49 -> 2.9 | M49: 0.5 | N49: 1.5 | O49: =1+M49*N49 -> 1.75 | P49: 0.9 | Q49: 1 | R49: 0.3 | S49: =G49*H49*I49*L49*O49*P49*Q49*R49 -> 5075.3183 | T49: 单次伤害
F50: p3 | G50: 1446.85 | H50: 2 | I50: 1.28 | J50: 20 | K50: 1.3 | L50: =1+6*J50/(J50+2000)+K50 -> 2.3594059 | M50: 0.93 | N50: 2.3 | O50: =1+M50*N50 -> 3.139 | P50: 1.15 | Q50: 1 | R50: 0.05 | S50: =G50*H50*I50*L50*O50*P50*Q50*R50 -> 1577.3399 | T50: =SUM(S48:S51) -> 36696.897
F51: p4 | G51: 1446.85 | H51: 2 | I51: 1.28 | J51: 0 | K51: 1.9 | L51: =1+6*J51/(J51+2000)+K51 -> 2.9 | M51: 0.5 | N51: 1.5 | O51: =1+M51*N51 -> 1.75 | P51: 1.15 | Q51: 1 | R51: 0.05 | S51: =G51*H51*I51*L51*O51*P51*Q51*R51 -> 1080.8548
G53: 反应系数 | H53: 冰系数 | I53: 基础系数 | J53: 精通 | K53: 星扩增 | L53: 精通乘区 | M53: 暴击率 | N53: 爆伤 | O53: 暴击乘区 | P53: 抗性系数 | Q53: 擢升 | R53: 权重 | S53: xp伤害 | T53: 触发次数 | U53: 总伤
F54: p1 | G54: 1446.85 | H54: 2 | I54: 1.28 | J54: 200 | K54: 2.38 | L54: =1+6*J54/(J54+2000)+K54 -> 3.9254545 | M54: 0.85 | N54: 2.22 | O54: =1+M54*N54 -> 2.887 | P54: 0.9 | Q54: 1 | R54: 0.6 | S54: =G54*H54*I54*L54*O54*P54*Q54*R54 -> 22666.996 | T54: 2 | U54: =T56*T54 -> 59645.282
F55: p2 | G55: 1446.85 | H55: 2 | I55: 1.28 | J55: 0 | K55: 1.9 | L55: =1+6*J55/(J55+2000)+K55 -> 2.9 | M55: 0.5 | N55: 1.5 | O55: =1+M55*N55 -> 1.75 | P55: 0.9 | Q55: 1 | R55: 0.3 | S55: =G55*H55*I55*L55*O55*P55*Q55*R55 -> 5075.3183 | T55: 单次伤害
F56: p3 | G56: 1446.85 | H56: 2 | I56: 1.28 | J56: 20 | K56: 1.3 | L56: =1+6*J56/(J56+2000)+K56 -> 2.3594059 | M56: 0.93 | N56: 2.3 | O56: =1+M56*N56 -> 3.139 | P56: 0.9 | Q56: 1 | R56: 0.05 | S56: =G56*H56*I56*L56*O56*P56*Q56*R56 -> 1234.44 | T56: =SUM(S54:S57) -> 29822.641
F57: p4 | G57: 1446.85 | H57: 2 | I57: 1.28 | J57: 0 | K57: 1.9 | L57: =1+6*J57/(J57+2000)+K57 -> 2.9 | M57: 0.5 | N57: 1.5 | O57: =1+M57*N57 -> 1.75 | P57: 0.9 | Q57: 1 | R57: 0.05 | S57: =G57*H57*I57*L57*O57*P57*Q57*R57 -> 845.88638
F58: 风涡
G59: 反应系数 | H59: 风系数 | I59: 基础系数 | J59: 精通 | K59: 星扩增 | L59: 精通乘区 | M59: 暴击率 | N59: 爆伤 | O59: 暴击乘区 | P59: 抗性系数 | Q59: 擢升 | R59: 权重 | S59: xp伤害 | T59: 触发次数 | U59: 总伤
F60: p1 | G60: 1446.85 | H60: 0.75 | I60: 1.28 | J60: 0 | K60: 1.9 | L60: =1+6*J60/(J60+2000)+K60 -> 2.9 | M60: 0.5 | N60: 1.5 | O60: =1+M60*N60 -> 1.75 | P60: 0.9 | Q60: 1 | R60: 0.6 | S60: =G60*H60*I60*L60*O60*P60*Q60*R60 -> 3806.4887 | T60: 4 | U60: =T62*T60 -> 40935.785
F61: p2 | G61: 1446.85 | H61: 0.75 | I61: 1.28 | J61: 200 | K61: 2.38 | L61: =1+6*J61/(J61+2000)+K61 -> 3.9254545 | M61: 0.85 | N61: 2.22 | O61: =1+M61*N61 -> 2.887 | P61: 1.15 | Q61: 1 | R61: 0.3 | S61: =G61*H61*I61*L61*O61*P61*Q61*R61 -> 5430.6345 | T61: 单次伤害
F62: p3 | G62: 1446.85 | H62: 0.75 | I62: 1.28 | J62: 20 | K62: 1.3 | L62: =1+6*J62/(J62+2000)+K62 -> 2.3594059 | M62: 0.93 | N62: 2.3 | O62: =1+M62*N62 -> 3.139 | P62: 1.15 | Q62: 1 | R62: 0.05 | S62: =G62*H62*I62*L62*O62*P62*Q62*R62 -> 591.50248 | T62: =SUM(S60:S63) -> 10233.946
F63: p4 | G63: 1446.85 | H63: 0.75 | I63: 1.28 | J63: 0 | K63: 1.9 | L63: =1+6*J63/(J63+2000)+K63 -> 2.9 | M63: 0.5 | N63: 1.5 | O63: =1+M63*N63 -> 1.75 | P63: 1.15 | Q63: 1 | R63: 0.05 | S63: =G63*H63*I63*L63*O63*P63*Q63*R63 -> 405.32056
G65: 反应系数 | H65: 风系数 | I65: 基础系数 | J65: 精通 | K65: 星扩增 | L65: 精通乘区 | M65: 暴击率 | N65: 爆伤 | O65: 暴击乘区 | P65: 抗性系数 | Q65: 擢升 | R65: 权重 | S65: xp伤害 | T65: 触发次数 | U65: 总伤
F66: p1 | G66: 1446.85 | H66: 0.75 | I66: 1.28 | J66: 0 | K66: 1.9 | L66: =1+6*J66/(J66+2000)+K66 -> 2.9 | M66: 0.5 | N66: 1.5 | O66: =1+M66*N66 -> 1.75 | P66: 0.9 | Q66: 1 | R66: 0.6 | S66: =G66*H66*I66*L66*O66*P66*Q66*R66 -> 3806.4887 | T66: 2 | U66: =T68*T66 -> 18106.747
F67: p2 | G67: 1446.85 | H67: 0.75 | I67: 1.28 | J67: 200 | K67: 2.38 | L67: =1+6*J67/(J67+2000)+K67 -> 3.9254545 | M67: 0.85 | N67: 2.22 | O67: =1+M67*N67 -> 2.887 | P67: 0.9 | Q67: 1 | R67: 0.3 | S67: =G67*H67*I67*L67*O67*P67*Q67*R67 -> 4250.0618 | T67: 单次伤害
F68: p3 | G68: 1446.85 | H68: 0.75 | I68: 1.28 | J68: 20 | K68: 1.3 | L68: =1+6*J68/(J68+2000)+K68 -> 2.3594059 | M68: 0.93 | N68: 2.3 | O68: =1+M68*N68 -> 3.139 | P68: 1.15 | Q68: 1 | R68: 0.05 | S68: =G68*H68*I68*L68*O68*P68*Q68*R68 -> 591.50248 | T68: =SUM(S66:S69) -> 9053.3735
F69: p4 | G69: 1446.85 | H69: 0.75 | I69: 1.28 | J69: 0 | K69: 1.9 | L69: =1+6*J69/(J69+2000)+K69 -> 2.9 | M69: 0.5 | N69: 1.5 | O69: =1+M69*N69 -> 1.75 | P69: 1.15 | Q69: 1 | R69: 0.05 | S69: =G69*H69*I69*L69*O69*P69*Q69*R69 -> 405.32056

Sheet 5+1桑0奥 
A1: 5＋1桑多涅0＋星峰剑奥c6布0七 | F1: mc | G1: 攻击力 | H1: 倍率 | I1: 基础系数 | J1: 独立 | K1: 基础乘区 | L1: 精通 | M1: 星扩增 | N1: 精通乘区 | O1: 羽毛 | P1: 暴击率 | Q1: 爆伤 | R1: 暴击乘区 | S1: 抗性系数 | T1: 擢升 | U1: 单次伤害 | V1: 总伤
A2: 统计 | B2: DMG | C2: DPS | D2: 轴长 | F2: z | G2: =3199+488+203 -> 3890 | H2: 2.9355 | I2: 1.28 | J2: 1 | K2: =G2*H2*I2*J2 -> 14616.442 | L2: 200 | M2: 2.23 | N2: =1+6*L2/(L2+2000)+M2 -> 3.7754545 | O2: 0 | P2: 0.85 | Q2: 2.62 | R2: =1+P2*Q2 -> 3.227 | S2: 1.15 | T2: 1 | U2: =(K2*N2+O2)*R2*S2*T2 -> 204789.51 | V2: =SUM(U2:U20) -> 3923254.8
B3: =B5+B7+B9 -> 5189973.6 | C3: =B3/D3 -> 241394.12 | D3: 21.5 | F3: c4 | G3: =3199+488+203 -> 3890 | H3: 1.875 | I3: 1.28 | J3: 1 | K3: =G3*H3*I3*J3 -> 9336 | L3: 200 | M3: 2.23 | N3: =1+6*L3/(L3+2000)+M3 -> 3.7754545 | O3: 0 | P3: 0.85 | Q3: 2.22 | R3: =1+P3*Q3 -> 2.887 | S3: 1.15 | T3: 1 | U3: =(K3*N3+O3)*R3*S3*T3 -> 117023.94
B4: 桑多涅总伤 | C4: 占比 | F4: z | G4: =3199+488+203 -> 3890 | H4: 2.9355 | I4: 1.28 | J4: 1 | K4: =G4*H4*I4*J4 -> 14616.442 | L4: 200 | M4: 2.38 | N4: =1+6*L4/(L4+2000)+M4 -> 3.9254545 | O4: 0 | P4: 0.85 | Q4: 2.82 | R4: =1+P4*Q4 -> 3.397 | S4: 1.15 | T4: 1 | U4: =(K4*N4+O4)*R4*S4*T4 -> 224142.9
B5: =V2+T23 -> 4411592.4 | C5: =B5/B3 -> 0.85002213 | F5: z | G5: =3199+488+203 -> 3890 | H5: 2.9355 | I5: 1.28 | J5: 1 | K5: =G5*H5*I5*J5 -> 14616.442 | L5: 200 | M5: 2.38 | N5: =1+6*L5/(L5+2000)+M5 -> 3.9254545 | O5: 0 | P5: 0.85 | Q5: 3.02 | R5: =1+P5*Q5 -> 3.567 | S5: 1.15 | T5: 1 | U5: =(K5*N5+O5)*R5*S5*T5 -> 235359.95
B6: 奥黛塔总伤 | C6: 占比 | F6: z | G6: =3199+488+203 -> 3890 | H6: 2.9355 | I6: 1.28 | J6: 1 | K6: =G6*H6*I6*J6 -> 14616.442 | L6: 200 | M6: 2.38 | N6: =1+6*L6/(L6+2000)+M6 -> 3.9254545 | O6: 0 | P6: 0.85 | Q6: 3.22 | R6: =1+P6*Q6 -> 3.737 | S6: 1.15 | T6: 1 | U6: =(K6*N6+O6)*R6*S6*T6 -> 246576.99
B7: =V31+T43 -> 586299.57 | C7: =B7/B3 -> 0.11296774 | F7: c4 | G7: =3199+488+203 -> 3890 | H7: 1.875 | I7: 1.28 | J7: 1 | K7: =G7*H7*I7*J7 -> 9336 | L7: 200 | M7: 2.38 | N7: =1+6*L7/(L7+2000)+M7 -> 3.9254545 | O7: 0 | P7: 0.85 | Q7: 2.22 | R7: =1+P7*Q7 -> 2.887 | S7: 1.15 | T7: 1 | U7: =(K7*N7+O7)*R7*S7*T7 -> 121673.34
B8: 反应伤害 | C8: 占比 | F8: z | G8: =3199+488+203 -> 3890 | H8: 2.9355 | I8: 1.28 | J8: 1 | K8: =G8*H8*I8*J8 -> 14616.442 | L8: 200 | M8: 2.38 | N8: =1+6*L8/(L8+2000)+M8 -> 3.9254545 | O8: 0 | P8: 0.85 | Q8: 3.22 | R8: =1+P8*Q8 -> 3.737 | S8: 1.15 | T8: 1 | U8: =(K8*N8+O8)*R8*S8*T8 -> 246576.99
B9: =U48+U54+U60+U66 -> 192081.61 | C9: =B9/B3 -> 0.037010132 | F9: z | G9: =3199+488+203 -> 3890 | H9: 2.9355 | I9: 1.28 | J9: 1 | K9: =G9*H9*I9*J9 -> 14616.442 | L9: 200 | M9: 2.38 | N9: =1+6*L9/(L9+2000)+M9 -> 3.9254545 | O9: 0 | P9: 0.85 | Q9: 3.22 | R9: =1+P9*Q9 -> 3.737 | S9: 1.15 | T9: 1 | U9: =(K9*N9+O9)*R9*S9*T9 -> 246576.99
F10: q | G10: =3199+488+203 -> 3890 | H10: 7.0295 | I10: 1.28 | J10: 2 | K10: =G10*H10*I10*J10 -> 70002.573 | L10: 200 | M10: 2.38 | N10: =1+6*L10/(L10+2000)+M10 -> 3.9254545 | O10: 0 | P10: 0.85 | Q10: 2.22 | R10: =1+P10*Q10 -> 2.887 | S10: 1.15 | T10: 1 | U10: =(K10*N10+O10)*R10*S10*T10 -> 912322.91
F11: e | G11: =3199+488+203 -> 3890 | H11: 0.5832 | I11: 1.28 | J11: 4 | K11: =G11*H11*I11*J11 -> 11615.478 | L11: 200 | M11: 2.38 | N11: =1+6*L11/(L11+2000)+M11 -> 3.9254545 | O11: 0 | P11: 0.85 | Q11: 2.22 | R11: =1+P11*Q11 -> 2.887 | S11: 1.15 | T11: 1 | U11: =(K11*N11+O11)*R11*S11*T11 -> 151381.1
F12: c4 | G12: =3199+488+203 -> 3890 | H12: 1.875 | I12: 1.28 | J12: 1 | K12: =G12*H12*I12*J12 -> 9336 | L12: 200 | M12: 2.38 | N12: =1+6*L12/(L12+2000)+M12 -> 3.9254545 | O12: 0 | P12: 0.85 | Q12: 2.22 | R12: =1+P12*Q12 -> 2.887 | S12: 1.15 | T12: 1 | U12: =(K12*N12+O12)*R12*S12*T12 -> 121673.34
F13: z | G13: =3199+488+203 -> 3890 | H13: 2.9355 | I13: 1.28 | J13: 1 | K13: =G13*H13*I13*J13 -> 14616.442 | L13: 200 | M13: 2.38 | N13: =1+6*L13/(L13+2000)+M13 -> 3.9254545 | O13: 0 | P13: 0.85 | Q13: 2.62 | R13: =1+P13*Q13 -> 3.227 | S13: 0.9 | T13: 1 | U13: =(K13*N13+O13)*R13*S13*T13 -> 166637.63
F14: z | G14: =3199+203 -> 3402 | H14: 2.9355 | I14: 1.28 | J14: 1 | K14: =G14*H14*I14*J14 -> 12782.811 | L14: 200 | M14: 2.38 | N14: =1+6*L14/(L14+2000)+M14 -> 3.9254545 | O14: 0 | P14: 0.85 | Q14: 2.82 | R14: =1+P14*Q14 -> 3.397 | S14: 0.9 | T14: 1 | U14: =(K14*N14+O14)*R14*S14*T14 -> 153410.25
F15: z | G15: =3199+203 -> 3402 | H15: 2.9355 | I15: 1.28 | J15: 1 | K15: =G15*H15*I15*J15 -> 12782.811 | L15: 200 | M15: 2.38 | N15: =1+6*L15/(L15+2000)+M15 -> 3.9254545 | O15: 0 | P15: 0.85 | Q15: 3.02 | R15: =1+P15*Q15 -> 3.567 | S15: 0.9 | T15: 1 | U15: =(K15*N15+O15)*R15*S15*T15 -> 161087.53
F16: c4 | G16: =3199+203 -> 3402 | H16: 1.875 | I16: 1.28 | J16: 1 | K16: =G16*H16*I16*J16 -> 8164.8 | L16: 200 | M16: 2.38 | N16: =1+6*L16/(L16+2000)+M16 -> 3.9254545 | O16: 0 | P16: 0.85 | Q16: 2.22 | R16: =1+P16*Q16 -> 2.887 | S16: 0.9 | T16: 1 | U16: =(K16*N16+O16)*R16*S16*T16 -> 83276.947
F17: z | G17: =3199+203 -> 3402 | H17: 2.9355 | I17: 1.28 | J17: 1 | K17: =G17*H17*I17*J17 -> 12782.811 | L17: 200 | M17: 2.38 | N17: =1+6*L17/(L17+2000)+M17 -> 3.9254545 | O17: 0 | P17: 0.85 | Q17: 3.22 | R17: =1+P17*Q17 -> 3.737 | S17: 0.9 | T17: 1 | U17: =(K17*N17+O17)*R17*S17*T17 -> 168764.82
F18: z | G18: =3199 -> 3199 | H18: 2.9355 | I18: 1.28 | J18: 1 | K18: =G18*H18*I18*J18 -> 12020.051 | L18: 200 | M18: 1.88 | N18: =1+6*L18/(L18+2000)+M18 -> 3.4254545 | O18: 0 | P18: 0.85 | Q18: 3.22 | R18: =1+P18*Q18 -> 3.737 | S18: 0.9 | T18: 1 | U18: =(K18*N18+O18)*R18*S18*T18 -> 138480.97
F19: z | G19: =3199 -> 3199 | H19: 2.9355 | I19: 1.28 | J19: 1 | K19: =G19*H19*I19*J19 -> 12020.051 | L19: 200 | M19: 1.88 | N19: =1+6*L19/(L19+2000)+M19 -> 3.4254545 | O19: 0 | P19: 0.85 | Q19: 3.22 | R19: =1+P19*Q19 -> 3.737 | S19: 0.9 | T19: 1 | U19: =(K19*N19+O19)*R19*S19*T19 -> 138480.97
F20: e | G20: =3199 -> 3199 | H20: 0.5832 | I20: 1.28 | J20: 4 | K20: =G20*H20*I20*J20 -> 9552.1628 | L20: 200 | M20: 1.88 | N20: =1+6*L20/(L20+2000)+M20 -> 3.4254545 | O20: 0 | P20: 0.85 | Q20: 2.22 | R20: =1+P20*Q20 -> 2.887 | S20: 0.9 | T20: 1 | U20: =(K20*N20+O20)*R20*S20*T20 -> 85017.674
G22: 攻击力 | H22: 倍率 | I22: 独立 | J22: 独立 | K22: 基础乘区 | L22: 冰增伤 | M22: 暴击率 | N22: 爆伤 | O22: 暴击乘区 | P22: 抗性系数 | Q22: 单次伤害 | R22: 次数 | S22: 单总伤 | T22: 总伤
G23: =3199+488+203 -> 3890 | H23: 1.03 | I23: 1 | J23: 1 | K23: =G23*H23*I23*J23 -> 4006.7 | L23: 1 | M23: 0.85 | N23: 2.22 | O23: =1+M23*N23 -> 2.887 | P23: 1.15 | Q23: =K23*L23*O23*P23 -> 13302.444 | R23: 18 | S23: =Q23*R23 -> 239444 | T23: =SUM(S23:S29) -> 488337.69
G24: =3199+488+203 -> 3890 | H24: 1.8746 | I24: 3 | J24: 1 | K24: =G24*H24*I24*J24 -> 21876.582 | L24: 1 | M24: 0.85 | N24: 2.22 | O24: =1+M24*N24 -> 2.887 | P24: 1.15 | Q24: =K24*L24*O24*P24 -> 72631.346 | R24: 1 | S24: =Q24*R24 -> 72631.346
G25: =3199+488+203 -> 3890 | H25: 0.5832 | I25: 1 | J25: 1 | K25: =G25*H25*I25*J25 -> 2268.648 | L25: 1 | M25: 0.85 | N25: 2.22 | O25: =1+M25*N25 -> 2.887 | P25: 1.15 | Q25: =K25*L25*O25*P25 -> 7532.0248 | R25: 1 | S25: =Q25*R25 -> 7532.0248
G26: =G14 -> 3402 | H26: 1.03 | I26: 1 | J26: 1 | K26: =G26*H26*I26*J26 -> 3504.06 | L26: 1 | M26: 0.85 | N26: 2.22 | O26: =1+M26*N26 -> 2.887 | P26: 0.9 | Q26: =K26*L26*O26*P26 -> 9104.5991 | R26: 18 | S26: =Q26*R26 -> 163882.78
G27: =G20 -> 3199 | H27: 0.5832 | I27: 1 | J27: 1 | K27: =G27*H27*I27*J27 -> 1865.6568 | L27: 1 | M27: 0.85 | N27: 2.22 | O27: =1+M27*N27 -> 2.887 | P27: 0.9 | Q27: =K27*L27*O27*P27 -> 4847.5361 | R27: 1 | S27: =Q27*R27 -> 4847.5361
F29: 奥黛塔
F30: mc | G30: 攻击力 | H30: 倍率 | I30: 基础系数 | J30: 独立 | K30: 基础乘区 | L30: 精通 | M30: 星扩增 | N30: 精通乘区 | O30: 羽毛 | P30: 暴击率 | Q30: 爆伤 | R30: 暴击乘区 | S30: 抗性系数 | T30: 擢升 | U30: 单次伤害 | V30: 总伤
F31: ee | G31: 2604 | H31: 8.2555 | I31: 1.28 | J31: =16*0.015+1 -> 1.24 | K31: =G31*H31*I31*J31 -> 34120.549 | L31: 20 | M31: 1.1 | N31: =1+6*L31/(L31+2000)+M31 -> 2.1594059 | O31: 0 | P31: 0.93 | Q31: 2.3 | R31: =1+P31*Q31 -> 3.139 | S31: 0.9 | T31: 1 | U31: =(K31*N31+O31)*R31*S31*T31 -> 208153.7 | V31: =SUM(U31:U40) -> 449480.94
F32: e1 | G32: =189+2604 -> 2793 | H32: 0.7295 | I32: 1.28 | J32: =17*0.015+1 -> 1.255 | K32: =G32*H32*I32*J32 -> 3273.0296 | L32: 20 | M32: 1.3 | N32: =1+6*L32/(L32+2000)+M32 -> 2.3594059 | O32: 0 | P32: 0.93 | Q32: 2.3 | R32: =1+P32*Q32 -> 3.139 | S32: 0.9 | T32: 1 | U32: =(K32*N32+O32)*R32*S32*T32 -> 21816.567
F33: e2 | G33: =189+2604 -> 2793 | H33: 0.8724 | I33: 1.28 | J33: =17*0.015+1 -> 1.255 | K33: =G33*H33*I33*J33 -> 3914.1754 | L33: 20 | M33: 1.3 | N33: =1+6*L33/(L33+2000)+M33 -> 2.3594059 | O33: 0 | P33: 0.93 | Q33: 2.3 | R33: =1+P33*Q33 -> 3.139 | S33: 1.15 | T33: 1 | U33: =(K33*N33+O33)*R33*S33*T33 -> 33337.43
F34: e3 | G34: =189+2604 -> 2793 | H34: 0.7295 | I34: 1.28 | J34: =17*0.015+1 -> 1.255 | K34: =G34*H34*I34*J34 -> 3273.0296 | L34: 20 | M34: 1.3 | N34: =1+6*L34/(L34+2000)+M34 -> 2.3594059 | O34: 0 | P34: 0.93 | Q34: 2.3 | R34: =1+P34*Q34 -> 3.139 | S34: 1.15 | T34: 1 | U34: =(K34*N34+O34)*R34*S34*T34 -> 27876.725
F35: e4 | G35: =189+2604 -> 2793 | H35: 0.8724 | I35: 1.28 | J35: =17*0.015+1 -> 1.255 | K35: =G35*H35*I35*J35 -> 3914.1754 | L35: 20 | M35: 1.3 | N35: =1+6*L35/(L35+2000)+M35 -> 2.3594059 | O35: 0 | P35: 0.93 | Q35: 2.3 | R35: =1+P35*Q35 -> 3.139 | S35: 1.15 | T35: 1 | U35: =(K35*N35+O35)*R35*S35*T35 -> 33337.43
F36: e5 | G36: =189+2604 -> 2793 | H36: 0.7295 | I36: 1.28 | J36: =17*0.015+1 -> 1.255 | K36: =G36*H36*I36*J36 -> 3273.0296 | L36: 20 | M36: 1.3 | N36: =1+6*L36/(L36+2000)+M36 -> 2.3594059 | O36: 0 | P36: 0.93 | Q36: 2.3 | R36: =1+P36*Q36 -> 3.139 | S36: 1.15 | T36: 1 | U36: =(K36*N36+O36)*R36*S36*T36 -> 27876.725
F37: e6 | G37: =189+2604 -> 2793 | H37: 0.8724 | I37: 1.28 | J37: =17*0.015+1 -> 1.255 | K37: =G37*H37*I37*J37 -> 3914.1754 | L37: 20 | M37: 1.3 | N37: =1+6*L37/(L37+2000)+M37 -> 2.3594059 | O37: 0 | P37: 0.93 | Q37: 2.3 | R37: =1+P37*Q37 -> 3.139 | S37: 1.15 | T37: 1 | U37: =(K37*N37+O37)*R37*S37*T37 -> 33337.43
F38: e7 | G38: =189+2604 -> 2793 | H38: 0.7295 | I38: 1.28 | J38: =17*0.015+1 -> 1.255 | K38: =G38*H38*I38*J38 -> 3273.0296 | L38: 20 | M38: 1.3 | N38: =1+6*L38/(L38+2000)+M38 -> 2.3594059 | O38: 0 | P38: 0.93 | Q38: 2.3 | R38: =1+P38*Q38 -> 3.139 | S38: 0.9 | T38: 1 | U38: =(K38*N38+O38)*R38*S38*T38 -> 21816.567
F39: e8 | G39: =189+2604 -> 2793 | H39: 0.8724 | I39: 1.28 | J39: =17*0.015+1 -> 1.255 | K39: =G39*H39*I39*J39 -> 3914.1754 | L39: 20 | M39: 1.3 | N39: =1+6*L39/(L39+2000)+M39 -> 2.3594059 | O39: 0 | P39: 0.93 | Q39: 2.3 | R39: =1+P39*Q39 -> 3.139 | S39: 0.9 | T39: 1 | U39: =(K39*N39+O39)*R39*S39*T39 -> 26090.162
F40: e9 | G40: 2604 | H40: 0.7295 | I40: 1.28 | J40: 1.24 | K40: =G40*H40*I40*J40 -> 3015.0737 | L40: 20 | M40: 0.8 | N40: =1+6*L40/(L40+2000)+M40 -> 1.8594059 | O40: 0 | P40: 0.93 | Q40: 2.3 | R40: =1+P40*Q40 -> 3.139 | S40: 0.9 | T40: 1 | U40: =(K40*N40+O40)*R40*S40*T40 -> 15838.205
G42: 攻击力 | H42: 倍率 | I42: 独立 | J42: 独立 | K42: 基础乘区 | L42: 冰增伤 | M42: 暴击率 | N42: 爆伤 | O42: 暴击乘区 | P42: 抗性系数 | Q42: 单次伤害 | R42: 次数 | S42: 单总伤 | T42: 总伤
G43: =G31 -> 2604 | H43: 1.9454 | I43: 1 | J43: 1 | K43: =G43*H43*I43*J43 -> 5065.8216 | L43: 1 | M43: 0.93 | N43: 2.3 | O43: =1+M43*N43 -> 3.139 | P43: 0.9 | Q43: =K43*L43*O43*P43 -> 14311.453 | R43: 1 | S43: =Q43*R43 -> 14311.453 | T43: =SUM(S43:S44) -> 136818.63
G44: =G35 -> 2793 | H44: 1.7251 | I44: 1 | J44: 1 | K44: =G44*H44*I44*J44 -> 4818.2043 | L44: 1 | M44: 0.93 | N44: 2.3 | O44: =1+M44*N44 -> 3.139 | P44: 0.9 | Q44: =K44*L44*O44*P44 -> 13611.909 | R44: 9 | S44: =Q44*R44 -> 122507.18
F46: 冰涡
G47: 反应系数 | H47: 冰系数 | I47: 基础系数 | J47: 精通 | K47: 星扩增 | L47: 精通乘区 | M47: 暴击率 | N47: 爆伤 | O47: 暴击乘区 | P47: 抗性系数 | Q47: 擢升 | R47: 权重 | S47: xp伤害 | T47: 触发次数 | U47: 总伤
F48: p1 | G48: 1446.85 | H48: 2 | I48: 1.28 | J48: 200 | K48: 2.38 | L48: =1+6*J48/(J48+2000)+K48 -> 3.9254545 | M48: 0.85 | N48: 2.22 | O48: =1+M48*N48 -> 2.887 | P48: 1.15 | Q48: 1 | R48: 0.6 | S48: =G48*H48*I48*L48*O48*P48*Q48*R48 -> 28963.384 | T48: 2 | U48: =T50*T48 -> 73393.794
F49: p2 | G49: 1446.85 | H49: 2 | I49: 1.28 | J49: 0 | K49: 1.9 | L49: =1+6*J49/(J49+2000)+K49 -> 2.9 | M49: 0.5 | N49: 1.5 | O49: =1+M49*N49 -> 1.75 | P49: 0.9 | Q49: 1 | R49: 0.3 | S49: =G49*H49*I49*L49*O49*P49*Q49*R49 -> 5075.3183 | T49: 单次伤害
F50: p3 | G50: 1446.85 | H50: 2 | I50: 1.28 | J50: 20 | K50: 1.3 | L50: =1+6*J50/(J50+2000)+K50 -> 2.3594059 | M50: 0.93 | N50: 2.3 | O50: =1+M50*N50 -> 3.139 | P50: 1.15 | Q50: 1 | R50: 0.05 | S50: =G50*H50*I50*L50*O50*P50*Q50*R50 -> 1577.3399 | T50: =SUM(S48:S51) -> 36696.897
F51: p4 | G51: 1446.85 | H51: 2 | I51: 1.28 | J51: 0 | K51: 1.9 | L51: =1+6*J51/(J51+2000)+K51 -> 2.9 | M51: 0.5 | N51: 1.5 | O51: =1+M51*N51 -> 1.75 | P51: 1.15 | Q51: 1 | R51: 0.05 | S51: =G51*H51*I51*L51*O51*P51*Q51*R51 -> 1080.8548
G53: 反应系数 | H53: 冰系数 | I53: 基础系数 | J53: 精通 | K53: 星扩增 | L53: 精通乘区 | M53: 暴击率 | N53: 爆伤 | O53: 暴击乘区 | P53: 抗性系数 | Q53: 擢升 | R53: 权重 | S53: xp伤害 | T53: 触发次数 | U53: 总伤
F54: p1 | G54: 1446.85 | H54: 2 | I54: 1.28 | J54: 200 | K54: 2.38 | L54: =1+6*J54/(J54+2000)+K54 -> 3.9254545 | M54: 0.85 | N54: 2.22 | O54: =1+M54*N54 -> 2.887 | P54: 0.9 | Q54: 1 | R54: 0.6 | S54: =G54*H54*I54*L54*O54*P54*Q54*R54 -> 22666.996 | T54: 2 | U54: =T56*T54 -> 59645.282
F55: p2 | G55: 1446.85 | H55: 2 | I55: 1.28 | J55: 0 | K55: 1.9 | L55: =1+6*J55/(J55+2000)+K55 -> 2.9 | M55: 0.5 | N55: 1.5 | O55: =1+M55*N55 -> 1.75 | P55: 0.9 | Q55: 1 | R55: 0.3 | S55: =G55*H55*I55*L55*O55*P55*Q55*R55 -> 5075.3183 | T55: 单次伤害
F56: p3 | G56: 1446.85 | H56: 2 | I56: 1.28 | J56: 20 | K56: 1.3 | L56: =1+6*J56/(J56+2000)+K56 -> 2.3594059 | M56: 0.93 | N56: 2.3 | O56: =1+M56*N56 -> 3.139 | P56: 0.9 | Q56: 1 | R56: 0.05 | S56: =G56*H56*I56*L56*O56*P56*Q56*R56 -> 1234.44 | T56: =SUM(S54:S57) -> 29822.641
F57: p4 | G57: 1446.85 | H57: 2 | I57: 1.28 | J57: 0 | K57: 1.9 | L57: =1+6*J57/(J57+2000)+K57 -> 2.9 | M57: 0.5 | N57: 1.5 | O57: =1+M57*N57 -> 1.75 | P57: 0.9 | Q57: 1 | R57: 0.05 | S57: =G57*H57*I57*L57*O57*P57*Q57*R57 -> 845.88638
F58: 风涡
G59: 反应系数 | H59: 风系数 | I59: 基础系数 | J59: 精通 | K59: 星扩增 | L59: 精通乘区 | M59: 暴击率 | N59: 爆伤 | O59: 暴击乘区 | P59: 抗性系数 | Q59: 擢升 | R59: 权重 | S59: xp伤害 | T59: 触发次数 | U59: 总伤
F60: p1 | G60: 1446.85 | H60: 0.75 | I60: 1.28 | J60: 0 | K60: 1.9 | L60: =1+6*J60/(J60+2000)+K60 -> 2.9 | M60: 0.5 | N60: 1.5 | O60: =1+M60*N60 -> 1.75 | P60: 0.9 | Q60: 1 | R60: 0.6 | S60: =G60*H60*I60*L60*O60*P60*Q60*R60 -> 3806.4887 | T60: 4 | U60: =T62*T60 -> 40935.785
F61: p2 | G61: 1446.85 | H61: 0.75 | I61: 1.28 | J61: 200 | K61: 2.38 | L61: =1+6*J61/(J61+2000)+K61 -> 3.9254545 | M61: 0.85 | N61: 2.22 | O61: =1+M61*N61 -> 2.887 | P61: 1.15 | Q61: 1 | R61: 0.3 | S61: =G61*H61*I61*L61*O61*P61*Q61*R61 -> 5430.6345 | T61: 单次伤害
F62: p3 | G62: 1446.85 | H62: 0.75 | I62: 1.28 | J62: 20 | K62: 1.3 | L62: =1+6*J62/(J62+2000)+K62 -> 2.3594059 | M62: 0.93 | N62: 2.3 | O62: =1+M62*N62 -> 3.139 | P62: 1.15 | Q62: 1 | R62: 0.05 | S62: =G62*H62*I62*L62*O62*P62*Q62*R62 -> 591.50248 | T62: =SUM(S60:S63) -> 10233.946
F63: p4 | G63: 1446.85 | H63: 0.75 | I63: 1.28 | J63: 0 | K63: 1.9 | L63: =1+6*J63/(J63+2000)+K63 -> 2.9 | M63: 0.5 | N63: 1.5 | O63: =1+M63*N63 -> 1.75 | P63: 1.15 | Q63: 1 | R63: 0.05 | S63: =G63*H63*I63*L63*O63*P63*Q63*R63 -> 405.32056
G65: 反应系数 | H65: 风系数 | I65: 基础系数 | J65: 精通 | K65: 星扩增 | L65: 精通乘区 | M65: 暴击率 | N65: 爆伤 | O65: 暴击乘区 | P65: 抗性系数 | Q65: 擢升 | R65: 权重 | S65: xp伤害 | T65: 触发次数 | U65: 总伤
F66: p1 | G66: 1446.85 | H66: 0.75 | I66: 1.28 | J66: 0 | K66: 1.9 | L66: =1+6*J66/(J66+2000)+K66 -> 2.9 | M66: 0.5 | N66: 1.5 | O66: =1+M66*N66 -> 1.75 | P66: 0.9 | Q66: 1 | R66: 0.6 | S66: =G66*H66*I66*L66*O66*P66*Q66*R66 -> 3806.4887 | T66: 2 | U66: =T68*T66 -> 18106.747
F67: p2 | G67: 1446.85 | H67: 0.75 | I67: 1.28 | J67: 200 | K67: 2.38 | L67: =1+6*J67/(J67+2000)+K67 -> 3.9254545 | M67: 0.85 | N67: 2.22 | O67: =1+M67*N67 -> 2.887 | P67: 0.9 | Q67: 1 | R67: 0.3 | S67: =G67*H67*I67*L67*O67*P67*Q67*R67 -> 4250.0618 | T67: 单次伤害
F68: p3 | G68: 1446.85 | H68: 0.75 | I68: 1.28 | J68: 20 | K68: 1.3 | L68: =1+6*J68/(J68+2000)+K68 -> 2.3594059 | M68: 0.93 | N68: 2.3 | O68: =1+M68*N68 -> 3.139 | P68: 1.15 | Q68: 1 | R68: 0.05 | S68: =G68*H68*I68*L68*O68*P68*Q68*R68 -> 591.50248 | T68: =SUM(S66:S69) -> 9053.3735
F69: p4 | G69: 1446.85 | H69: 0.75 | I69: 1.28 | J69: 0 | K69: 1.9 | L69: =1+6*J69/(J69+2000)+K69 -> 2.9 | M69: 0.5 | N69: 1.5 | O69: =1+M69*N69 -> 1.75 | P69: 1.15 | Q69: 1 | R69: 0.05 | S69: =G69*H69*I69*L69*O69*P69*Q69*R69 -> 405.32056

Sheet 6+1桑0奥  
A1: 6＋1桑多涅0＋星峰剑奥c6布0七 | F1: mc | G1: 攻击力 | H1: 倍率 | I1: 基础系数 | J1: 独立 | K1: 基础乘区 | L1: 精通 | M1: 星扩增 | N1: 精通乘区 | O1: 羽毛 | P1: 暴击率 | Q1: 爆伤 | R1: 暴击乘区 | S1: 抗性系数 | T1: 擢升 | U1: 单次伤害 | V1: 总伤
A2: 统计 | B2: DMG | C2: DPS | D2: 轴长 | F2: z | G2: =3199+488+203 -> 3890 | H2: 2.9355 | I2: 1.28 | J2: 1 | K2: =G2*H2*I2*J2 -> 14616.442 | L2: 200 | M2: 2.23 | N2: =1+6*L2/(L2+2000)+M2 -> 3.7754545 | O2: 0 | P2: 0.85 | Q2: 2.62 | R2: =1+P2*Q2 -> 3.227 | S2: 1.15 | T2: 1.2 | U2: =(K2*N2+O2)*R2*S2*T2 -> 245747.41 | V2: =SUM(U2:U28) -> 5487670.3
B3: =B5+B7+B9 -> 6781085.8 | C3: =B3/D3 -> 315399.34 | D3: 21.5 | F3: c4 | G3: =3199+488+203 -> 3890 | H3: 1.875 | I3: 1.28 | J3: 1 | K3: =G3*H3*I3*J3 -> 9336 | L3: 200 | M3: 2.23 | N3: =1+6*L3/(L3+2000)+M3 -> 3.7754545 | O3: 0 | P3: 0.85 | Q3: 2.22 | R3: =1+P3*Q3 -> 2.887 | S3: 1.15 | T3: 1.2 | U3: =(K3*N3+O3)*R3*S3*T3 -> 140428.73
B4: 桑多涅总伤 | C4: 占比 | F4: z | G4: =3199+488+203 -> 3890 | H4: 2.9355 | I4: 1.28 | J4: 1 | K4: =G4*H4*I4*J4 -> 14616.442 | L4: 200 | M4: 2.38 | N4: =1+6*L4/(L4+2000)+M4 -> 3.9254545 | O4: 0 | P4: 0.85 | Q4: 2.82 | R4: =1+P4*Q4 -> 3.397 | S4: 1.15 | T4: 1.2 | U4: =(K4*N4+O4)*R4*S4*T4 -> 268971.49
B5: =V2+T31 -> 5976007.9 | C5: =B5/B3 -> 0.88127597 | F5: z | G5: =3199+488+203 -> 3890 | H5: 2.9355 | I5: 1.28 | J5: 1 | K5: =G5*H5*I5*J5 -> 14616.442 | L5: 200 | M5: 2.38 | N5: =1+6*L5/(L5+2000)+M5 -> 3.9254545 | O5: 0 | P5: 0.85 | Q5: 3.02 | R5: =1+P5*Q5 -> 3.567 | S5: 1.15 | T5: 1.2 | U5: =(K5*N5+O5)*R5*S5*T5 -> 282431.94
B6: 奥黛塔总伤 | C6: 占比 | F6: c6 | G6: =3199+488+203 -> 3890 | H6: 1.2 | I6: 1.28 | J6: 1 | K6: =G6*H6*I6*J6 -> 5975.04 | L6: 200 | M6: 2.38 | N6: =1+6*L6/(L6+2000)+M6 -> 3.9254545 | O6: 0 | P6: 0.85 | Q6: 3.02 | R6: =1+P6*Q6 -> 3.567 | S6: 1.15 | T6: 1.2 | U6: =(K6*N6+O6)*R6*S6*T6 -> 115455.06
B7: =V39+T51 -> 586299.57 | C7: =B7/B3 -> 0.086461017 | F7: z | G7: =3199+488+203 -> 3890 | H7: 2.9355 | I7: 1.28 | J7: 1 | K7: =G7*H7*I7*J7 -> 14616.442 | L7: 200 | M7: 2.38 | N7: =1+6*L7/(L7+2000)+M7 -> 3.9254545 | O7: 0 | P7: 0.85 | Q7: 3.22 | R7: =1+P7*Q7 -> 3.737 | S7: 1.15 | T7: 1.2 | U7: =(K7*N7+O7)*R7*S7*T7 -> 295892.39
B8: 反应伤害 | C8: 占比 | F8: c4 | G8: =3199+488+203 -> 3890 | H8: 1.875 | I8: 1.28 | J8: 1 | K8: =G8*H8*I8*J8 -> 9336 | L8: 200 | M8: 2.38 | N8: =1+6*L8/(L8+2000)+M8 -> 3.9254545 | O8: 0 | P8: 0.85 | Q8: 2.22 | R8: =1+P8*Q8 -> 2.887 | S8: 1.15 | T8: 1.2 | U8: =(K8*N8+O8)*R8*S8*T8 -> 146008
B9: =U56+U62+U68+U74 -> 218778.29 | C9: =B9/B3 -> 0.032263018 | F9: c6 | G9: =3199+488+203 -> 3890 | H9: 1.2 | I9: 1.28 | J9: 1 | K9: =G9*H9*I9*J9 -> 5975.04 | L9: 200 | M9: 2.38 | N9: =1+6*L9/(L9+2000)+M9 -> 3.9254545 | O9: 0 | P9: 0.85 | Q9: 3.22 | R9: =1+P9*Q9 -> 3.737 | S9: 1.15 | T9: 1.2 | U9: =(K9*N9+O9)*R9*S9*T9 -> 120957.54
F10: z | G10: =3199+488+203 -> 3890 | H10: 2.9355 | I10: 1.28 | J10: 1 | K10: =G10*H10*I10*J10 -> 14616.442 | L10: 200 | M10: 2.38 | N10: =1+6*L10/(L10+2000)+M10 -> 3.9254545 | O10: 0 | P10: 0.85 | Q10: 3.22 | R10: =1+P10*Q10 -> 3.737 | S10: 1.15 | T10: 1.2 | U10: =(K10*N10+O10)*R10*S10*T10 -> 295892.39
F11: c6 | G11: =3199+488+203 -> 3890 | H11: 1.2 | I11: 1.28 | J11: 1 | K11: =G11*H11*I11*J11 -> 5975.04 | L11: 200 | M11: 2.38 | N11: =1+6*L11/(L11+2000)+M11 -> 3.9254545 | O11: 0 | P11: 0.85 | Q11: 3.22 | R11: =1+P11*Q11 -> 3.737 | S11: 1.15 | T11: 1.2 | U11: =(K11*N11+O11)*R11*S11*T11 -> 120957.54
F12: z | G12: =3199+488+203 -> 3890 | H12: 2.9355 | I12: 1.28 | J12: 1 | K12: =G12*H12*I12*J12 -> 14616.442 | L12: 200 | M12: 2.38 | N12: =1+6*L12/(L12+2000)+M12 -> 3.9254545 | O12: 0 | P12: 0.85 | Q12: 3.22 | R12: =1+P12*Q12 -> 3.737 | S12: 1.15 | T12: 1.2 | U12: =(K12*N12+O12)*R12*S12*T12 -> 295892.39
F13: c6 | G13: =3199+488+203 -> 3890 | H13: 1.2 | I13: 1.28 | J13: 1 | K13: =G13*H13*I13*J13 -> 5975.04 | L13: 200 | M13: 2.38 | N13: =1+6*L13/(L13+2000)+M13 -> 3.9254545 | O13: 0 | P13: 0.85 | Q13: 3.22 | R13: =1+P13*Q13 -> 3.737 | S13: 1.15 | T13: 1.2 | U13: =(K13*N13+O13)*R13*S13*T13 -> 120957.54
F14: q | G14: =3199+488+203 -> 3890 | H14: 7.0295 | I14: 1.28 | J14: 2 | K14: =G14*H14*I14*J14 -> 70002.573 | L14: 200 | M14: 2.38 | N14: =1+6*L14/(L14+2000)+M14 -> 3.9254545 | O14: 0 | P14: 0.85 | Q14: 2.22 | R14: =1+P14*Q14 -> 2.887 | S14: 1.15 | T14: 1.2 | U14: =(K14*N14+O14)*R14*S14*T14 -> 1094787.5
F15: e | G15: =3199+488+203 -> 3890 | H15: 0.5832 | I15: 1.28 | J15: 4 | K15: =G15*H15*I15*J15 -> 11615.478 | L15: 200 | M15: 2.38 | N15: =1+6*L15/(L15+2000)+M15 -> 3.9254545 | O15: 0 | P15: 0.85 | Q15: 2.22 | R15: =1+P15*Q15 -> 2.887 | S15: 1.15 | T15: 1.2 | U15: =(K15*N15+O15)*R15*S15*T15 -> 181657.32
F16: c4 | G16: =3199+488+203 -> 3890 | H16: 1.875 | I16: 1.28 | J16: 1 | K16: =G16*H16*I16*J16 -> 9336 | L16: 200 | M16: 2.38 | N16: =1+6*L16/(L16+2000)+M16 -> 3.9254545 | O16: 0 | P16: 0.85 | Q16: 2.22 | R16: =1+P16*Q16 -> 2.887 | S16: 1.15 | T16: 1.2 | U16: =(K16*N16+O16)*R16*S16*T16 -> 146008
F17: z | G17: =3199+488+203 -> 3890 | H17: 2.9355 | I17: 1.28 | J17: 1 | K17: =G17*H17*I17*J17 -> 14616.442 | L17: 200 | M17: 2.38 | N17: =1+6*L17/(L17+2000)+M17 -> 3.9254545 | O17: 0 | P17: 0.85 | Q17: 2.62 | R17: =1+P17*Q17 -> 3.227 | S17: 0.9 | T17: 1.2 | U17: =(K17*N17+O17)*R17*S17*T17 -> 199965.16
F18: z | G18: =3199+203 -> 3402 | H18: 2.9355 | I18: 1.28 | J18: 1 | K18: =G18*H18*I18*J18 -> 12782.811 | L18: 200 | M18: 2.38 | N18: =1+6*L18/(L18+2000)+M18 -> 3.9254545 | O18: 0 | P18: 0.85 | Q18: 2.82 | R18: =1+P18*Q18 -> 3.397 | S18: 0.9 | T18: 1.2 | U18: =(K18*N18+O18)*R18*S18*T18 -> 184092.3
F19: z | G19: =3199+203 -> 3402 | H19: 2.9355 | I19: 1.28 | J19: 1 | K19: =G19*H19*I19*J19 -> 12782.811 | L19: 200 | M19: 2.38 | N19: =1+6*L19/(L19+2000)+M19 -> 3.9254545 | O19: 0 | P19: 0.85 | Q19: 3.02 | R19: =1+P19*Q19 -> 3.567 | S19: 0.9 | T19: 1.2 | U19: =(K19*N19+O19)*R19*S19*T19 -> 193305.04
F20: c4 | G20: =3199+203 -> 3402 | H20: 1.875 | I20: 1.28 | J20: 1 | K20: =G20*H20*I20*J20 -> 8164.8 | L20: 200 | M20: 2.38 | N20: =1+6*L20/(L20+2000)+M20 -> 3.9254545 | O20: 0 | P20: 0.85 | Q20: 2.22 | R20: =1+P20*Q20 -> 2.887 | S20: 0.9 | T20: 1.2 | U20: =(K20*N20+O20)*R20*S20*T20 -> 99932.337
F21: c6 | G21: =3199+203 -> 3402 | H21: 1.2 | I21: 1.28 | J21: 1 | K21: =G21*H21*I21*J21 -> 5225.472 | L21: 200 | M21: 2.38 | N21: =1+6*L21/(L21+2000)+M21 -> 3.9254545 | O21: 0 | P21: 0.85 | Q21: 3.22 | R21: =1+P21*Q21 -> 3.737 | S21: 0.9 | T21: 1.2 | U21: =(K21*N21+O21)*R21*S21*T21 -> 82787.035
F22: z | G22: =3199+203 -> 3402 | H22: 2.9355 | I22: 1.28 | J22: 1 | K22: =G22*H22*I22*J22 -> 12782.811 | L22: 200 | M22: 2.38 | N22: =1+6*L22/(L22+2000)+M22 -> 3.9254545 | O22: 0 | P22: 0.85 | Q22: 3.22 | R22: =1+P22*Q22 -> 3.737 | S22: 0.9 | T22: 1.2 | U22: =(K22*N22+O22)*R22*S22*T22 -> 202517.79
F23: c6 | G23: =3199+203 -> 3402 | H23: 1.2 | I23: 1.28 | J23: 1 | K23: =G23*H23*I23*J23 -> 5225.472 | L23: 200 | M23: 2.38 | N23: =1+6*L23/(L23+2000)+M23 -> 3.9254545 | O23: 0 | P23: 0.85 | Q23: 3.22 | R23: =1+P23*Q23 -> 3.737 | S23: 0.9 | T23: 1.2 | U23: =(K23*N23+O23)*R23*S23*T23 -> 82787.035
F24: z | G24: =3199 -> 3199 | H24: 2.9355 | I24: 1.28 | J24: 1 | K24: =G24*H24*I24*J24 -> 12020.051 | L24: 200 | M24: 1.88 | N24: =1+6*L24/(L24+2000)+M24 -> 3.4254545 | O24: 0 | P24: 0.85 | Q24: 3.22 | R24: =1+P24*Q24 -> 3.737 | S24: 0.9 | T24: 1.2 | U24: =(K24*N24+O24)*R24*S24*T24 -> 166177.17
F25: c6 | G25: =3199 -> 3199 | H25: 1.2 | I25: 1.28 | J25: 1 | K25: =G25*H25*I25*J25 -> 4913.664 | L25: 200 | M25: 1.88 | N25: =1+6*L25/(L25+2000)+M25 -> 3.4254545 | O25: 0 | P25: 0.85 | Q25: 3.22 | R25: =1+P25*Q25 -> 3.737 | S25: 0.9 | T25: 1.2 | U25: =(K25*N25+O25)*R25*S25*T25 -> 67931.393
F26: z | G26: =3199 -> 3199 | H26: 2.9355 | I26: 1.28 | J26: 1 | K26: =G26*H26*I26*J26 -> 12020.051 | L26: 200 | M26: 1.88 | N26: =1+6*L26/(L26+2000)+M26 -> 3.4254545 | O26: 0 | P26: 0.85 | Q26: 3.22 | R26: =1+P26*Q26 -> 3.737 | S26: 0.9 | T26: 1.2 | U26: =(K26*N26+O26)*R26*S26*T26 -> 166177.17
F27: c6 | G27: =3199 -> 3199 | H27: 1.2 | I27: 1.28 | J27: 1 | K27: =G27*H27*I27*J27 -> 4913.664 | L27: 200 | M27: 1.88 | N27: =1+6*L27/(L27+2000)+M27 -> 3.4254545 | O27: 0 | P27: 0.85 | Q27: 3.22 | R27: =1+P27*Q27 -> 3.737 | S27: 0.9 | T27: 1.2 | U27: =(K27*N27+O27)*R27*S27*T27 -> 67931.393
F28: e | G28: =3199 -> 3199 | H28: 0.5832 | I28: 1.28 | J28: 4 | K28: =G28*H28*I28*J28 -> 9552.1628 | L28: 200 | M28: 1.88 | N28: =1+6*L28/(L28+2000)+M28 -> 3.4254545 | O28: 0 | P28: 0.85 | Q28: 2.22 | R28: =1+P28*Q28 -> 2.887 | S28: 0.9 | T28: 1.2 | U28: =(K28*N28+O28)*R28*S28*T28 -> 102021.21
G30: 攻击力 | H30: 倍率 | I30: 独立 | J30: 独立 | K30: 基础乘区 | L30: 冰增伤 | M30: 暴击率 | N30: 爆伤 | O30: 暴击乘区 | P30: 抗性系数 | Q30: 单次伤害 | R30: 次数 | S30: 单总伤 | T30: 总伤
G31: =3199+488+203 -> 3890 | H31: 1.03 | I31: 1 | J31: 1 | K31: =G31*H31*I31*J31 -> 4006.7 | L31: 1 | M31: 0.85 | N31: 2.22 | O31: =1+M31*N31 -> 2.887 | P31: 1.15 | Q31: =K31*L31*O31*P31 -> 13302.444 | R31: 18 | S31: =Q31*R31 -> 239444 | T31: =SUM(S31:S37) -> 488337.69
G32: =3199+488+203 -> 3890 | H32: 1.8746 | I32: 3 | J32: 1 | K32: =G32*H32*I32*J32 -> 21876.582 | L32: 1 | M32: 0.85 | N32: 2.22 | O32: =1+M32*N32 -> 2.887 | P32: 1.15 | Q32: =K32*L32*O32*P32 -> 72631.346 | R32: 1 | S32: =Q32*R32 -> 72631.346
G33: =3199+488+203 -> 3890 | H33: 0.5832 | I33: 1 | J33: 1 | K33: =G33*H33*I33*J33 -> 2268.648 | L33: 1 | M33: 0.85 | N33: 2.22 | O33: =1+M33*N33 -> 2.887 | P33: 1.15 | Q33: =K33*L33*O33*P33 -> 7532.0248 | R33: 1 | S33: =Q33*R33 -> 7532.0248
G34: =G18 -> 3402 | H34: 1.03 | I34: 1 | J34: 1 | K34: =G34*H34*I34*J34 -> 3504.06 | L34: 1 | M34: 0.85 | N34: 2.22 | O34: =1+M34*N34 -> 2.887 | P34: 0.9 | Q34: =K34*L34*O34*P34 -> 9104.5991 | R34: 18 | S34: =Q34*R34 -> 163882.78
G35: =G28 -> 3199 | H35: 0.5832 | I35: 1 | J35: 1 | K35: =G35*H35*I35*J35 -> 1865.6568 | L35: 1 | M35: 0.85 | N35: 2.22 | O35: =1+M35*N35 -> 2.887 | P35: 0.9 | Q35: =K35*L35*O35*P35 -> 4847.5361 | R35: 1 | S35: =Q35*R35 -> 4847.5361
F37: 奥黛塔
F38: mc | G38: 攻击力 | H38: 倍率 | I38: 基础系数 | J38: 独立 | K38: 基础乘区 | L38: 精通 | M38: 星扩增 | N38: 精通乘区 | O38: 羽毛 | P38: 暴击率 | Q38: 爆伤 | R38: 暴击乘区 | S38: 抗性系数 | T38: 擢升 | U38: 单次伤害 | V38: 总伤
F39: ee | G39: 2604 | H39: 8.2555 | I39: 1.28 | J39: =16*0.015+1 -> 1.24 | K39: =G39*H39*I39*J39 -> 34120.549 | L39: 20 | M39: 1.1 | N39: =1+6*L39/(L39+2000)+M39 -> 2.1594059 | O39: 0 | P39: 0.93 | Q39: 2.3 | R39: =1+P39*Q39 -> 3.139 | S39: 0.9 | T39: 1 | U39: =(K39*N39+O39)*R39*S39*T39 -> 208153.7 | V39: =SUM(U39:U48) -> 449480.94
F40: e1 | G40: =189+2604 -> 2793 | H40: 0.7295 | I40: 1.28 | J40: =17*0.015+1 -> 1.255 | K40: =G40*H40*I40*J40 -> 3273.0296 | L40: 20 | M40: 1.3 | N40: =1+6*L40/(L40+2000)+M40 -> 2.3594059 | O40: 0 | P40: 0.93 | Q40: 2.3 | R40: =1+P40*Q40 -> 3.139 | S40: 0.9 | T40: 1 | U40: =(K40*N40+O40)*R40*S40*T40 -> 21816.567
F41: e2 | G41: =189+2604 -> 2793 | H41: 0.8724 | I41: 1.28 | J41: =17*0.015+1 -> 1.255 | K41: =G41*H41*I41*J41 -> 3914.1754 | L41: 20 | M41: 1.3 | N41: =1+6*L41/(L41+2000)+M41 -> 2.3594059 | O41: 0 | P41: 0.93 | Q41: 2.3 | R41: =1+P41*Q41 -> 3.139 | S41: 1.15 | T41: 1 | U41: =(K41*N41+O41)*R41*S41*T41 -> 33337.43
F42: e3 | G42: =189+2604 -> 2793 | H42: 0.7295 | I42: 1.28 | J42: =17*0.015+1 -> 1.255 | K42: =G42*H42*I42*J42 -> 3273.0296 | L42: 20 | M42: 1.3 | N42: =1+6*L42/(L42+2000)+M42 -> 2.3594059 | O42: 0 | P42: 0.93 | Q42: 2.3 | R42: =1+P42*Q42 -> 3.139 | S42: 1.15 | T42: 1 | U42: =(K42*N42+O42)*R42*S42*T42 -> 27876.725
F43: e4 | G43: =189+2604 -> 2793 | H43: 0.8724 | I43: 1.28 | J43: =17*0.015+1 -> 1.255 | K43: =G43*H43*I43*J43 -> 3914.1754 | L43: 20 | M43: 1.3 | N43: =1+6*L43/(L43+2000)+M43 -> 2.3594059 | O43: 0 | P43: 0.93 | Q43: 2.3 | R43: =1+P43*Q43 -> 3.139 | S43: 1.15 | T43: 1 | U43: =(K43*N43+O43)*R43*S43*T43 -> 33337.43
F44: e5 | G44: =189+2604 -> 2793 | H44: 0.7295 | I44: 1.28 | J44: =17*0.015+1 -> 1.255 | K44: =G44*H44*I44*J44 -> 3273.0296 | L44: 20 | M44: 1.3 | N44: =1+6*L44/(L44+2000)+M44 -> 2.3594059 | O44: 0 | P44: 0.93 | Q44: 2.3 | R44: =1+P44*Q44 -> 3.139 | S44: 1.15 | T44: 1 | U44: =(K44*N44+O44)*R44*S44*T44 -> 27876.725
F45: e6 | G45: =189+2604 -> 2793 | H45: 0.8724 | I45: 1.28 | J45: =17*0.015+1 -> 1.255 | K45: =G45*H45*I45*J45 -> 3914.1754 | L45: 20 | M45: 1.3 | N45: =1+6*L45/(L45+2000)+M45 -> 2.3594059 | O45: 0 | P45: 0.93 | Q45: 2.3 | R45: =1+P45*Q45 -> 3.139 | S45: 1.15 | T45: 1 | U45: =(K45*N45+O45)*R45*S45*T45 -> 33337.43
F46: e7 | G46: =189+2604 -> 2793 | H46: 0.7295 | I46: 1.28 | J46: =17*0.015+1 -> 1.255 | K46: =G46*H46*I46*J46 -> 3273.0296 | L46: 20 | M46: 1.3 | N46: =1+6*L46/(L46+2000)+M46 -> 2.3594059 | O46: 0 | P46: 0.93 | Q46: 2.3 | R46: =1+P46*Q46 -> 3.139 | S46: 0.9 | T46: 1 | U46: =(K46*N46+O46)*R46*S46*T46 -> 21816.567
F47: e8 | G47: =189+2604 -> 2793 | H47: 0.8724 | I47: 1.28 | J47: =17*0.015+1 -> 1.255 | K47: =G47*H47*I47*J47 -> 3914.1754 | L47: 20 | M47: 1.3 | N47: =1+6*L47/(L47+2000)+M47 -> 2.3594059 | O47: 0 | P47: 0.93 | Q47: 2.3 | R47: =1+P47*Q47 -> 3.139 | S47: 0.9 | T47: 1 | U47: =(K47*N47+O47)*R47*S47*T47 -> 26090.162
F48: e9 | G48: 2604 | H48: 0.7295 | I48: 1.28 | J48: 1.24 | K48: =G48*H48*I48*J48 -> 3015.0737 | L48: 20 | M48: 0.8 | N48: =1+6*L48/(L48+2000)+M48 -> 1.8594059 | O48: 0 | P48: 0.93 | Q48: 2.3 | R48: =1+P48*Q48 -> 3.139 | S48: 0.9 | T48: 1 | U48: =(K48*N48+O48)*R48*S48*T48 -> 15838.205
G50: 攻击力 | H50: 倍率 | I50: 独立 | J50: 独立 | K50: 基础乘区 | L50: 冰增伤 | M50: 暴击率 | N50: 爆伤 | O50: 暴击乘区 | P50: 抗性系数 | Q50: 单次伤害 | R50: 次数 | S50: 单总伤 | T50: 总伤
G51: =G39 -> 2604 | H51: 1.9454 | I51: 1 | J51: 1 | K51: =G51*H51*I51*J51 -> 5065.8216 | L51: 1 | M51: 0.93 | N51: 2.3 | O51: =1+M51*N51 -> 3.139 | P51: 0.9 | Q51: =K51*L51*O51*P51 -> 14311.453 | R51: 1 | S51: =Q51*R51 -> 14311.453 | T51: =SUM(S51:S52) -> 136818.63
G52: =G43 -> 2793 | H52: 1.7251 | I52: 1 | J52: 1 | K52: =G52*H52*I52*J52 -> 4818.2043 | L52: 1 | M52: 0.93 | N52: 2.3 | O52: =1+M52*N52 -> 3.139 | P52: 0.9 | Q52: =K52*L52*O52*P52 -> 13611.909 | R52: 9 | S52: =Q52*R52 -> 122507.18
F54: 冰涡
G55: 反应系数 | H55: 冰系数 | I55: 基础系数 | J55: 精通 | K55: 星扩增 | L55: 精通乘区 | M55: 暴击率 | N55: 爆伤 | O55: 暴击乘区 | P55: 抗性系数 | Q55: 擢升 | R55: 权重 | S55: xp伤害 | T55: 触发次数 | U55: 总伤
F56: p1 | G56: 1446.85 | H56: 2 | I56: 1.28 | J56: 200 | K56: 2.38 | L56: =1+6*J56/(J56+2000)+K56 -> 3.9254545 | M56: 0.85 | N56: 2.22 | O56: =1+M56*N56 -> 2.887 | P56: 1.15 | Q56: 1.2 | R56: 0.6 | S56: =G56*H56*I56*L56*O56*P56*Q56*R56 -> 34756.061 | T56: 2 | U56: =T58*T56 -> 84979.148
F57: p2 | G57: 1446.85 | H57: 2 | I57: 1.28 | J57: 0 | K57: 1.9 | L57: =1+6*J57/(J57+2000)+K57 -> 2.9 | M57: 0.5 | N57: 1.5 | O57: =1+M57*N57 -> 1.75 | P57: 0.9 | Q57: 1 | R57: 0.3 | S57: =G57*H57*I57*L57*O57*P57*Q57*R57 -> 5075.3183 | T57: 单次伤害
F58: p3 | G58: 1446.85 | H58: 2 | I58: 1.28 | J58: 20 | K58: 1.3 | L58: =1+6*J58/(J58+2000)+K58 -> 2.3594059 | M58: 0.93 | N58: 2.3 | O58: =1+M58*N58 -> 3.139 | P58: 1.15 | Q58: 1 | R58: 0.05 | S58: =G58*H58*I58*L58*O58*P58*Q58*R58 -> 1577.3399 | T58: =SUM(S56:S59) -> 42489.574
F59: p4 | G59: 1446.85 | H59: 2 | I59: 1.28 | J59: 0 | K59: 1.9 | L59: =1+6*J59/(J59+2000)+K59 -> 2.9 | M59: 0.5 | N59: 1.5 | O59: =1+M59*N59 -> 1.75 | P59: 1.15 | Q59: 1 | R59: 0.05 | S59: =G59*H59*I59*L59*O59*P59*Q59*R59 -> 1080.8548
G61: 反应系数 | H61: 冰系数 | I61: 基础系数 | J61: 精通 | K61: 星扩增 | L61: 精通乘区 | M61: 暴击率 | N61: 爆伤 | O61: 暴击乘区 | P61: 抗性系数 | Q61: 擢升 | R61: 权重 | S61: xp伤害 | T61: 触发次数 | U61: 总伤
F62: p1 | G62: 1446.85 | H62: 2 | I62: 1.28 | J62: 200 | K62: 2.38 | L62: =1+6*J62/(J62+2000)+K62 -> 3.9254545 | M62: 0.85 | N62: 2.22 | O62: =1+M62*N62 -> 2.887 | P62: 0.9 | Q62: 1.2 | R62: 0.6 | S62: =G62*H62*I62*L62*O62*P62*Q62*R62 -> 27200.395 | T62: 2 | U62: =T64*T62 -> 68712.08
F63: p2 | G63: 1446.85 | H63: 2 | I63: 1.28 | J63: 0 | K63: 1.9 | L63: =1+6*J63/(J63+2000)+K63 -> 2.9 | M63: 0.5 | N63: 1.5 | O63: =1+M63*N63 -> 1.75 | P63: 0.9 | Q63: 1 | R63: 0.3 | S63: =G63*H63*I63*L63*O63*P63*Q63*R63 -> 5075.3183 | T63: 单次伤害
F64: p3 | G64: 1446.85 | H64: 2 | I64: 1.28 | J64: 20 | K64: 1.3 | L64: =1+6*J64/(J64+2000)+K64 -> 2.3594059 | M64: 0.93 | N64: 2.3 | O64: =1+M64*N64 -> 3.139 | P64: 0.9 | Q64: 1 | R64: 0.05 | S64: =G64*H64*I64*L64*O64*P64*Q64*R64 -> 1234.44 | T64: =SUM(S62:S65) -> 34356.04
F65: p4 | G65: 1446.85 | H65: 2 | I65: 1.28 | J65: 0 | K65: 1.9 | L65: =1+6*J65/(J65+2000)+K65 -> 2.9 | M65: 0.5 | N65: 1.5 | O65: =1+M65*N65 -> 1.75 | P65: 0.9 | Q65: 1 | R65: 0.05 | S65: =G65*H65*I65*L65*O65*P65*Q65*R65 -> 845.88638
F66: 风涡
G67: 反应系数 | H67: 风系数 | I67: 基础系数 | J67: 精通 | K67: 星扩增 | L67: 精通乘区 | M67: 暴击率 | N67: 爆伤 | O67: 暴击乘区 | P67: 抗性系数 | Q67: 擢升 | R67: 权重 | S67: xp伤害 | T67: 触发次数 | U67: 总伤
F68: p1 | G68: 1446.85 | H68: 0.75 | I68: 1.28 | J68: 0 | K68: 1.9 | L68: =1+6*J68/(J68+2000)+K68 -> 2.9 | M68: 0.5 | N68: 1.5 | O68: =1+M68*N68 -> 1.75 | P68: 0.9 | Q68: 1 | R68: 0.6 | S68: =G68*H68*I68*L68*O68*P68*Q68*R68 -> 3806.4887 | T68: 4 | U68: =T70*T68 -> 45280.293
F69: p2 | G69: 1446.85 | H69: 0.75 | I69: 1.28 | J69: 200 | K69: 2.38 | L69: =1+6*J69/(J69+2000)+K69 -> 3.9254545 | M69: 0.85 | N69: 2.22 | O69: =1+M69*N69 -> 2.887 | P69: 1.15 | Q69: 1.2 | R69: 0.3 | S69: =G69*H69*I69*L69*O69*P69*Q69*R69 -> 6516.7614 | T69: 单次伤害
F70: p3 | G70: 1446.85 | H70: 0.75 | I70: 1.28 | J70: 20 | K70: 1.3 | L70: =1+6*J70/(J70+2000)+K70 -> 2.3594059 | M70: 0.93 | N70: 2.3 | O70: =1+M70*N70 -> 3.139 | P70: 1.15 | Q70: 1 | R70: 0.05 | S70: =G70*H70*I70*L70*O70*P70*Q70*R70 -> 591.50248 | T70: =SUM(S68:S71) -> 11320.073
F71: p4 | G71: 1446.85 | H71: 0.75 | I71: 1.28 | J71: 0 | K71: 1.9 | L71: =1+6*J71/(J71+2000)+K71 -> 2.9 | M71: 0.5 | N71: 1.5 | O71: =1+M71*N71 -> 1.75 | P71: 1.15 | Q71: 1 | R71: 0.05 | S71: =G71*H71*I71*L71*O71*P71*Q71*R71 -> 405.32056
G73: 反应系数 | H73: 风系数 | I73: 基础系数 | J73: 精通 | K73: 星扩增 | L73: 精通乘区 | M73: 暴击率 | N73: 爆伤 | O73: 暴击乘区 | P73: 抗性系数 | Q73: 擢升 | R73: 权重 | S73: xp伤害 | T73: 触发次数 | U73: 总伤
F74: p1 | G74: 1446.85 | H74: 0.75 | I74: 1.28 | J74: 0 | K74: 1.9 | L74: =1+6*J74/(J74+2000)+K74 -> 2.9 | M74: 0.5 | N74: 1.5 | O74: =1+M74*N74 -> 1.75 | P74: 0.9 | Q74: 1 | R74: 0.6 | S74: =G74*H74*I74*L74*O74*P74*Q74*R74 -> 3806.4887 | T74: 2 | U74: =T76*T74 -> 19806.772
F75: p2 | G75: 1446.85 | H75: 0.75 | I75: 1.28 | J75: 200 | K75: 2.38 | L75: =1+6*J75/(J75+2000)+K75 -> 3.9254545 | M75: 0.85 | N75: 2.22 | O75: =1+M75*N75 -> 2.887 | P75: 0.9 | Q75: 1.2 | R75: 0.3 | S75: =G75*H75*I75*L75*O75*P75*Q75*R75 -> 5100.0741 | T75: 单次伤害
F76: p3 | G76: 1446.85 | H76: 0.75 | I76: 1.28 | J76: 20 | K76: 1.3 | L76: =1+6*J76/(J76+2000)+K76 -> 2.3594059 | M76: 0.93 | N76: 2.3 | O76: =1+M76*N76 -> 3.139 | P76: 1.15 | Q76: 1 | R76: 0.05 | S76: =G76*H76*I76*L76*O76*P76*Q76*R76 -> 591.50248 | T76: =SUM(S74:S77) -> 9903.3859
F77: p4 | G77: 1446.85 | H77: 0.75 | I77: 1.28 | J77: 0 | K77: 1.9 | L77: =1+6*J77/(J77+2000)+K77 -> 2.9 | M77: 0.5 | N77: 1.5 | O77: =1+M77*N77 -> 1.75 | P77: 1.15 | Q77: 1 | R77: 0.05 | S77: =G77*H77*I77*L77*O77*P77*Q77*R77 -> 405.32056
A90: 6＋1桑多涅1＋星峰剑奥c6布0七 | F90: mc | G90: 攻击力 | H90: 倍率 | I90: 基础系数 | J90: 独立 | K90: 基础乘区 | L90: 精通 | M90: 星扩增 | N90: 精通乘区 | O90: 羽毛 | P90: 暴击率 | Q90: 爆伤 | R90: 暴击乘区 | S90: 抗性系数 | T90: 擢升 | U90: 单次伤害 | V90: 总伤
A91: 统计 | B91: DMG | C91: DPS | D91: 轴长 | F91: z | G91: =3199+488+203 -> 3890 | H91: 2.9355 | I91: 1.28 | J91: 1 | K91: =G91*H91*I91*J91 -> 14616.442 | L91: 200 | M91: 2.68 | N91: =1+6*L91/(L91+2000)+M91 -> 4.2254545 | O91: 0 | P91: 0.85 | Q91: 2.62 | R91: =1+P91*Q91 -> 3.227 | S91: 1.15 | T91: 1.2 | U91: =(K91*N91+O91)*R91*S91*T91 -> 275038.28 | V91: =SUM(U91:U117) -> 5929938.1
B92: =B94+B96+B98 -> 7485229.3 | C92: =B92/D92 -> 348150.2 | D92: 21.5 | F92: c4 | G92: =3199+488+203 -> 3890 | H92: 1.875 | I92: 1.28 | J92: 1 | K92: =G92*H92*I92*J92 -> 9336 | L92: 200 | M92: 2.68 | N92: =1+6*L92/(L92+2000)+M92 -> 4.2254545 | O92: 0 | P92: 0.85 | Q92: 2.22 | R92: =1+P92*Q92 -> 2.887 | S92: 1.15 | T92: 1.2 | U92: =(K92*N92+O92)*R92*S92*T92 -> 157166.56
B93: 桑多涅总伤 | C93: 占比 | F93: z | G93: =3199+488+203 -> 3890 | H93: 2.9355 | I93: 1.28 | J93: 1 | K93: =G93*H93*I93*J93 -> 14616.442 | L93: 200 | M93: 2.68 | N93: =1+6*L93/(L93+2000)+M93 -> 4.2254545 | O93: 0 | P93: 0.85 | Q93: 2.82 | R93: =1+P93*Q93 -> 3.397 | S93: 1.15 | T93: 1.2 | U93: =(K93*N93+O93)*R93*S93*T93 -> 289527.44
B94: =V91+T120 -> 6418275.8 | C94: =B94/B92 -> 0.85745881 | F94: z | G94: =3199+488+203 -> 3890 | H94: 2.9355 | I94: 1.28 | J94: 1 | K94: =G94*H94*I94*J94 -> 14616.442 | L94: 200 | M94: 2.68 | N94: =1+6*L94/(L94+2000)+M94 -> 4.2254545 | O94: 0 | P94: 0.85 | Q94: 3.02 | R94: =1+P94*Q94 -> 3.567 | S94: 1.15 | T94: 1.2 | U94: =(K94*N94+O94)*R94*S94*T94 -> 304016.59
B95: 奥黛塔总伤 | C95: 占比 | F95: c6 | G95: =3199+488+203 -> 3890 | H95: 1.2 | I95: 1.28 | J95: 1 | K95: =G95*H95*I95*J95 -> 5975.04 | L95: 200 | M95: 2.68 | N95: =1+6*L95/(L95+2000)+M95 -> 4.2254545 | O95: 0 | P95: 0.85 | Q95: 3.02 | R95: =1+P95*Q95 -> 3.567 | S95: 1.15 | T95: 1.2 | U95: =(K95*N95+O95)*R95*S95*T95 -> 124278.63
B96: =V128+T141 -> 848175.19 | C96: =B96/B92 -> 0.11331319 | F96: z | G96: =3199+488+203 -> 3890 | H96: 2.9355 | I96: 1.28 | J96: 1 | K96: =G96*H96*I96*J96 -> 14616.442 | L96: 200 | M96: 2.68 | N96: =1+6*L96/(L96+2000)+M96 -> 4.2254545 | O96: 0 | P96: 0.85 | Q96: 3.22 | R96: =1+P96*Q96 -> 3.737 | S96: 1.15 | T96: 1.2 | U96: =(K96*N96+O96)*R96*S96*T96 -> 318505.75
B97: 反应伤害 | C97: 占比 | F97: c4 | G97: =3199+488+203 -> 3890 | H97: 1.875 | I97: 1.28 | J97: 1 | K97: =G97*H97*I97*J97 -> 9336 | L97: 200 | M97: 2.68 | N97: =1+6*L97/(L97+2000)+M97 -> 4.2254545 | O97: 0 | P97: 0.85 | Q97: 2.22 | R97: =1+P97*Q97 -> 2.887 | S97: 1.15 | T97: 1.2 | U97: =(K97*N97+O97)*R97*S97*T97 -> 157166.56
B98: =U146+U152+U158+U164 -> 218778.29 | C98: =B98/B92 -> 0.029228001 | F98: c6 | G98: =3199+488+203 -> 3890 | H98: 1.2 | I98: 1.28 | J98: 1 | K98: =G98*H98*I98*J98 -> 5975.04 | L98: 200 | M98: 2.68 | N98: =1+6*L98/(L98+2000)+M98 -> 4.2254545 | O98: 0 | P98: 0.85 | Q98: 3.22 | R98: =1+P98*Q98 -> 3.737 | S98: 1.15 | T98: 1.2 | U98: =(K98*N98+O98)*R98*S98*T98 -> 130201.63
F99: z | G99: =3199+488+203 -> 3890 | H99: 2.9355 | I99: 1.28 | J99: 1 | K99: =G99*H99*I99*J99 -> 14616.442 | L99: 200 | M99: 2.68 | N99: =1+6*L99/(L99+2000)+M99 -> 4.2254545 | O99: 0 | P99: 0.85 | Q99: 3.22 | R99: =1+P99*Q99 -> 3.737 | S99: 1.15 | T99: 1.2 | U99: =(K99*N99+O99)*R99*S99*T99 -> 318505.75
F100: c6 | G100: =3199+488+203 -> 3890 | H100: 1.2 | I100: 1.28 | J100: 1 | K100: =G100*H100*I100*J100 -> 5975.04 | L100: 200 | M100: 2.68 | N100: =1+6*L100/(L100+2000)+M100 -> 4.2254545 | O100: 0 | P100: 0.85 | Q100: 3.22 | R100: =1+P100*Q100 -> 3.737 | S100: 1.15 | T100: 1.2 | U100: =(K100*N100+O100)*R100*S100*T100 -> 130201.63
F101: z | G101: =3199+488+203 -> 3890 | H101: 2.9355 | I101: 1.28 | J101: 1 | K101: =G101*H101*I101*J101 -> 14616.442 | L101: 200 | M101: 2.68 | N101: =1+6*L101/(L101+2000)+M101 -> 4.2254545 | O101: 0 | P101: 0.85 | Q101: 3.22 | R101: =1+P101*Q101 -> 3.737 | S101: 1.15 | T101: 1.2 | U101: =(K101*N101+O101)*R101*S101*T101 -> 318505.75
F102: c6 | G102: =3199+488+203 -> 3890 | H102: 1.2 | I102: 1.28 | J102: 1 | K102: =G102*H102*I102*J102 -> 5975.04 | L102: 200 | M102: 2.68 | N102: =1+6*L102/(L102+2000)+M102 -> 4.2254545 | O102: 0 | P102: 0.85 | Q102: 3.22 | R102: =1+P102*Q102 -> 3.737 | S102: 1.15 | T102: 1.2 | U102: =(K102*N102+O102)*R102*S102*T102 -> 130201.63
F103: q | G103: =3199+488+203 -> 3890 | H103: 7.0295 | I103: 1.28 | J103: 2 | K103: =G103*H103*I103*J103 -> 70002.573 | L103: 200 | M103: 2.68 | N103: =1+6*L103/(L103+2000)+M103 -> 4.2254545 | O103: 0 | P103: 0.85 | Q103: 2.22 | R103: =1+P103*Q103 -> 2.887 | S103: 1.15 | T103: 1.2 | U103: =(K103*N103+O103)*R103*S103*T103 -> 1178455.8
F104: e | G104: =3199+488+203 -> 3890 | H104: 0.5832 | I104: 1.28 | J104: 4 | K104: =G104*H104*I104*J104 -> 11615.478 | L104: 200 | M104: 2.68 | N104: =1+6*L104/(L104+2000)+M104 -> 4.2254545 | O104: 0 | P104: 0.85 | Q104: 2.22 | R104: =1+P104*Q104 -> 2.887 | S104: 1.15 | T104: 1.2 | U104: =(K104*N104+O104)*R104*S104*T104 -> 195540.35
F105: c4 | G105: =3199+488+203 -> 3890 | H105: 1.875 | I105: 1.28 | J105: 1 | K105: =G105*H105*I105*J105 -> 9336 | L105: 200 | M105: 2.68 | N105: =1+6*L105/(L105+2000)+M105 -> 4.2254545 | O105: 0 | P105: 0.85 | Q105: 2.22 | R105: =1+P105*Q105 -> 2.887 | S105: 1.15 | T105: 1.2 | U105: =(K105*N105+O105)*R105*S105*T105 -> 157166.56
F106: z | G106: =3199+488+203 -> 3890 | H106: 2.9355 | I106: 1.28 | J106: 1 | K106: =G106*H106*I106*J106 -> 14616.442 | L106: 200 | M106: 2.68 | N106: =1+6*L106/(L106+2000)+M106 -> 4.2254545 | O106: 0 | P106: 0.85 | Q106: 2.62 | R106: =1+P106*Q106 -> 3.227 | S106: 0.9 | T106: 1.2 | U106: =(K106*N106+O106)*R106*S106*T106 -> 215247.35
F107: z | G107: =3199+203 -> 3402 | H107: 2.9355 | I107: 1.28 | J107: 1 | K107: =G107*H107*I107*J107 -> 12782.811 | L107: 200 | M107: 2.68 | N107: =1+6*L107/(L107+2000)+M107 -> 4.2254545 | O107: 0 | P107: 0.85 | Q107: 2.82 | R107: =1+P107*Q107 -> 3.397 | S107: 0.9 | T107: 1.2 | U107: =(K107*N107+O107)*R107*S107*T107 -> 198161.42
F108: z | G108: =3199+203 -> 3402 | H108: 2.9355 | I108: 1.28 | J108: 1 | K108: =G108*H108*I108*J108 -> 12782.811 | L108: 200 | M108: 2.68 | N108: =1+6*L108/(L108+2000)+M108 -> 4.2254545 | O108: 0 | P108: 0.85 | Q108: 3.02 | R108: =1+P108*Q108 -> 3.567 | S108: 0.9 | T108: 1.2 | U108: =(K108*N108+O108)*R108*S108*T108 -> 208078.24
F109: c4 | G109: =3199+203 -> 3402 | H109: 1.875 | I109: 1.28 | J109: 1 | K109: =G109*H109*I109*J109 -> 8164.8 | L109: 200 | M109: 2.68 | N109: =1+6*L109/(L109+2000)+M109 -> 4.2254545 | O109: 0 | P109: 0.85 | Q109: 2.22 | R109: =1+P109*Q109 -> 2.887 | S109: 0.9 | T109: 1.2 | U109: =(K109*N109+O109)*R109*S109*T109 -> 107569.59
F110: c6 | G110: =3199+203 -> 3402 | H110: 1.2 | I110: 1.28 | J110: 1 | K110: =G110*H110*I110*J110 -> 5225.472 | L110: 200 | M110: 2.68 | N110: =1+6*L110/(L110+2000)+M110 -> 4.2254545 | O110: 0 | P110: 0.85 | Q110: 3.22 | R110: =1+P110*Q110 -> 3.737 | S110: 0.9 | T110: 1.2 | U110: =(K110*N110+O110)*R110*S110*T110 -> 89113.974
F111: z | G111: =3199+203 -> 3402 | H111: 2.9355 | I111: 1.28 | J111: 1 | K111: =G111*H111*I111*J111 -> 12782.811 | L111: 200 | M111: 2.68 | N111: =1+6*L111/(L111+2000)+M111 -> 4.2254545 | O111: 0 | P111: 0.85 | Q111: 3.22 | R111: =1+P111*Q111 -> 3.737 | S111: 0.9 | T111: 1.2 | U111: =(K111*N111+O111)*R111*S111*T111 -> 217995.06
F112: c6 | G112: =3199+203 -> 3402 | H112: 1.2 | I112: 1.28 | J112: 1 | K112: =G112*H112*I112*J112 -> 5225.472 | L112: 200 | M112: 2.68 | N112: =1+6*L112/(L112+2000)+M112 -> 4.2254545 | O112: 0 | P112: 0.85 | Q112: 3.22 | R112: =1+P112*Q112 -> 3.737 | S112: 0.9 | T112: 1.2 | U112: =(K112*N112+O112)*R112*S112*T112 -> 89113.974
F113: z | G113: =3199 -> 3199 | H113: 2.9355 | I113: 1.28 | J113: 1 | K113: =G113*H113*I113*J113 -> 12020.051 | L113: 200 | M113: 2.18 | N113: =1+6*L113/(L113+2000)+M113 -> 3.7254545 | O113: 0 | P113: 0.85 | Q113: 3.22 | R113: =1+P113*Q113 -> 3.737 | S113: 0.9 | T113: 1.2 | U113: =(K113*N113+O113)*R113*S113*T113 -> 180730.9
F114: c6 | G114: =3199 -> 3199 | H114: 1.2 | I114: 1.28 | J114: 1 | K114: =G114*H114*I114*J114 -> 4913.664 | L114: 200 | M114: 2.18 | N114: =1+6*L114/(L114+2000)+M114 -> 3.7254545 | O114: 0 | P114: 0.85 | Q114: 3.22 | R114: =1+P114*Q114 -> 3.737 | S114: 0.9 | T114: 1.2 | U114: =(K114*N114+O114)*R114*S114*T114 -> 73880.798
F115: z | G115: =3199 -> 3199 | H115: 2.9355 | I115: 1.28 | J115: 1 | K115: =G115*H115*I115*J115 -> 12020.051 | L115: 200 | M115: 2.18 | N115: =1+6*L115/(L115+2000)+M115 -> 3.7254545 | O115: 0 | P115: 0.85 | Q115: 3.22 | R115: =1+P115*Q115 -> 3.737 | S115: 0.9 | T115: 1.2 | U115: =(K115*N115+O115)*R115*S115*T115 -> 180730.9
F116: c6 | G116: =3199 -> 3199 | H116: 1.2 | I116: 1.28 | J116: 1 | K116: =G116*H116*I116*J116 -> 4913.664 | L116: 200 | M116: 2.18 | N116: =1+6*L116/(L116+2000)+M116 -> 3.7254545 | O116: 0 | P116: 0.85 | Q116: 3.22 | R116: =1+P116*Q116 -> 3.737 | S116: 0.9 | T116: 1.2 | U116: =(K116*N116+O116)*R116*S116*T116 -> 73880.798
F117: e | G117: =3199 -> 3199 | H117: 0.5832 | I117: 1.28 | J117: 4 | K117: =G117*H117*I117*J117 -> 9552.1628 | L117: 200 | M117: 2.18 | N117: =1+6*L117/(L117+2000)+M117 -> 3.7254545 | O117: 0 | P117: 0.85 | Q117: 2.22 | R117: =1+P117*Q117 -> 2.887 | S117: 0.9 | T117: 1.2 | U117: =(K117*N117+O117)*R117*S117*T117 -> 110956.19
G119: 攻击力 | H119: 倍率 | I119: 独立 | J119: 独立 | K119: 基础乘区 | L119: 冰增伤 | M119: 暴击率 | N119: 爆伤 | O119: 暴击乘区 | P119: 抗性系数 | Q119: 单次伤害 | R119: 次数 | S119: 单总伤 | T119: 总伤
...
